{"level":"info","message":"⌛ Building environment","timeElapsed":140,"timestamp":"2025-10-27T18:44:48.967Z"}
{"level":"info","message":"⌛ Validating src/niveles/nivel_2.wlk","timeElapsed":166,"timestamp":"2025-10-27T18:44:49.134Z"}
{"level":"info","message":"⌛ Building environment","timeElapsed":115,"timestamp":"2025-10-27T18:44:49.249Z"}
{"level":"info","message":"⌛ Validating src/niveles/nivel_2.wlk","timeElapsed":134,"timestamp":"2025-10-27T18:44:49.400Z"}
{"level":"info","message":"⌛ Building environment","timeElapsed":126,"timestamp":"2025-10-27T18:44:51.033Z"}
{"level":"info","message":"⌛ Validating src/niveles/nivel_2.wlk","timeElapsed":295,"timestamp":"2025-10-27T18:44:51.329Z"}
{"level":"info","message":"⌛ Building environment","timeElapsed":132,"timestamp":"2025-10-27T18:45:02.532Z"}
{"level":"info","message":"⌛ Validating src/niveles/nivel_2.wlk","timeElapsed":158,"timestamp":"2025-10-27T18:45:02.691Z"}
{"level":"info","message":"⌛ Building environment","timeElapsed":159,"timestamp":"2025-10-27T18:45:04.491Z"}
{"level":"info","message":"⌛ Validating src/niveles/nivel_2.wlk","timeElapsed":193,"timestamp":"2025-10-27T18:45:04.684Z"}
{"level":"info","message":"⌛ Building environment","timeElapsed":144,"timestamp":"2025-10-27T18:45:04.831Z"}
{"level":"info","message":"⌛ Validating src/niveles/nivel_2.wlk","timeElapsed":148,"timestamp":"2025-10-27T18:45:04.985Z"}
{"level":"info","message":"🚀 Program executed \u001b[3m\u001b[34msrc.juego.juego\u001b[39m\u001b[23m on \u001b[3m\u001b[34mc:\\Users\\Alumno\\Downloads\\2025-objetos-tp-wollok-game-concat-ctrl_c-zn-main\\2025-objetos-tp-wollok-game-concat-ctrl_c-zn-main\u001b[39m\u001b[23m","ok":true,"timeElapsed":890,"timestamp":"2025-10-27T18:45:24.228Z"}
{"level":"info","message":"⌛ Building environment","timeElapsed":143,"timestamp":"2025-10-27T18:45:59.386Z"}
{"level":"info","message":"⌛ Building environment","timeElapsed":119,"timestamp":"2025-10-27T18:45:59.505Z"}
{"level":"info","message":"⌛ Validating src/niveles/nivel_2.wlk","timeElapsed":151,"timestamp":"2025-10-27T18:45:59.657Z"}
{"level":"info","message":"⌛ Validating src/niveles/nivel_2.wlk","timeElapsed":155,"timestamp":"2025-10-27T18:45:59.813Z"}
{"level":"info","message":"⌛ Building environment","timeElapsed":132,"timestamp":"2025-10-27T18:46:17.384Z"}
{"level":"info","message":"⌛ Validating src/niveles/nivel_2.wlk","timeElapsed":134,"timestamp":"2025-10-27T18:46:17.519Z"}
{"level":"info","message":"⌛ Building environment","timeElapsed":126,"timestamp":"2025-10-27T18:46:17.771Z"}
{"level":"info","message":"⌛ Validating src/niveles/nivel_2.wlk","timeElapsed":149,"timestamp":"2025-10-27T18:46:17.921Z"}
{"level":"info","message":"⌛ Building environment","timeElapsed":128,"timestamp":"2025-10-27T18:46:25.884Z"}
{"level":"info","message":"⌛ Validating src/niveles/nivel_2.wlk","timeElapsed":161,"timestamp":"2025-10-27T18:46:26.052Z"}
{"level":"info","message":"⌛ Building environment","timeElapsed":123,"timestamp":"2025-10-27T18:46:31.295Z"}
{"level":"info","message":"⌛ Validating src/niveles/nivel_2.wlk","timeElapsed":134,"timestamp":"2025-10-27T18:46:31.437Z"}
{"level":"info","message":"⌛ Building environment","timeElapsed":132,"timestamp":"2025-10-27T18:46:38.959Z"}
{"level":"info","message":"⌛ Building environment","timeElapsed":132,"timestamp":"2025-10-27T18:46:39.093Z"}
{"level":"info","message":"⌛ Validating src/niveles/nivel_2.wlk","timeElapsed":147,"timestamp":"2025-10-27T18:46:39.241Z"}
{"level":"info","message":"⌛ Validating src/niveles/nivel_2.wlk","timeElapsed":146,"timestamp":"2025-10-27T18:46:39.387Z"}
{"level":"info","message":"⌛ Building environment","timeElapsed":151,"timestamp":"2025-10-27T18:46:50.074Z"}
{"level":"info","message":"⌛ Building environment","timeElapsed":123,"timestamp":"2025-10-27T18:46:50.197Z"}
{"level":"info","message":"⌛ Validating src/niveles/nivel_2.wlk","timeElapsed":270,"timestamp":"2025-10-27T18:46:50.470Z"}
{"level":"info","message":"⌛ Building environment","timeElapsed":128,"timestamp":"2025-10-27T18:46:50.599Z"}
{"level":"info","message":"⌛ Validating src/niveles/nivel_2.wlk","timeElapsed":272,"timestamp":"2025-10-27T18:46:50.885Z"}
{"level":"info","message":"⌛ Validating src/niveles/nivel_2.wlk","timeElapsed":163,"timestamp":"2025-10-27T18:46:51.064Z"}
{"level":"info","message":"⌛ Building environment","timeElapsed":123,"timestamp":"2025-10-27T18:47:00.760Z"}
{"level":"info","message":"⌛ Validating src/niveles/nivel_2.wlk","timeElapsed":141,"timestamp":"2025-10-27T18:47:00.909Z"}
{"level":"info","message":"⌛ Building environment","timeElapsed":164,"timestamp":"2025-10-27T18:47:01.754Z"}
{"level":"info","message":"⌛ Validating src/niveles/nivel_2.wlk","timeElapsed":143,"timestamp":"2025-10-27T18:47:01.898Z"}
{"exitCode":"SIGHUP","level":"info","message":"👾 Game executed src.juego.juego on c:\\Users\\Alumno\\Downloads\\2025-objetos-tp-wollok-game-concat-ctrl_c-zn-main\\2025-objetos-tp-wollok-game-concat-ctrl_c-zn-main","timeElapsed":101854,"timestamp":"2025-10-27T18:47:05.190Z"}
{"level":"info","message":"🚀 Program executed \u001b[3m\u001b[34msrc.juego.juego\u001b[39m\u001b[23m on \u001b[3m\u001b[34mc:\\Users\\Alumno\\Downloads\\2025-objetos-tp-wollok-game-concat-ctrl_c-zn-main\\2025-objetos-tp-wollok-game-concat-ctrl_c-zn-main\u001b[39m\u001b[23m","ok":true,"timeElapsed":974,"timestamp":"2025-10-27T18:47:07.376Z"}
{"level":"info","message":"⌛ Building environment","timeElapsed":142,"timestamp":"2025-10-27T18:48:10.354Z"}
{"level":"info","message":"⌛ Building environment","timeElapsed":151,"timestamp":"2025-10-27T18:48:10.507Z"}
{"level":"error","message":"✘ Completions for node Return ([68:9, 68:23] - src/niveles/nivel_1.wlk) failed: Error: [Return]{e265c2} at src/niveles/nivel_1.wlk:68 exhausted all cases without a match [Return]{e265c2} at src/niveles/nivel_1.wlk:68 exhausted all cases without a match","stack":"Error: [Return]{e265c2} at src/niveles/nivel_1.wlk:68 exhausted all cases without a match\n    at c:\\Users\\Alumno\\.vscode\\extensions\\uqbar.wollok-lsp-ide-0.5.3\\out\\server\\src\\server.js:38:6142\n    at D2 (c:\\Users\\Alumno\\.vscode\\extensions\\uqbar.wollok-lsp-ide-0.5.3\\out\\server\\src\\server.js:2384:42)\n    at Qh (c:\\Users\\Alumno\\.vscode\\extensions\\uqbar.wollok-lsp-ide-0.5.3\\out\\server\\src\\server.js:2384:1092)\n    at k6n (c:\\Users\\Alumno\\.vscode\\extensions\\uqbar.wollok-lsp-ide-0.5.3\\out\\server\\src\\server.js:2384:1248)\n    at c:\\Users\\Alumno\\.vscode\\extensions\\uqbar.wollok-lsp-ide-0.5.3\\out\\server\\src\\server.js:38:6131\n    at D2 (c:\\Users\\Alumno\\.vscode\\extensions\\uqbar.wollok-lsp-ide-0.5.3\\out\\server\\src\\server.js:2384:42)\n    at c:\\Users\\Alumno\\.vscode\\extensions\\uqbar.wollok-lsp-ide-0.5.3\\out\\server\\src\\server.js:2384:2988\n    at c:\\Users\\Alumno\\.vscode\\extensions\\uqbar.wollok-lsp-ide-0.5.3\\out\\server\\src\\server.js:2393:8440\n    at c:\\Users\\Alumno\\.vscode\\extensions\\uqbar.wollok-lsp-ide-0.5.3\\out\\server\\src\\server.js:37:74872\n    at Ye (c:\\Users\\Alumno\\.vscode\\extensions\\uqbar.wollok-lsp-ide-0.5.3\\out\\server\\src\\server.js:7:8527)","timestamp":"2025-10-27T18:48:10.555Z"}
{"level":"info","message":"⌛ Validating src/niveles/nivel_1.wlk","timeElapsed":155,"timestamp":"2025-10-27T18:48:10.739Z"}
{"level":"info","message":"⌛ Validating src/niveles/nivel_1.wlk","timeElapsed":139,"timestamp":"2025-10-27T18:48:10.878Z"}
{"level":"info","message":"⌛ Building environment","timeElapsed":188,"timestamp":"2025-10-27T18:48:14.696Z"}
{"level":"info","message":"⌛ Building environment","timeElapsed":166,"timestamp":"2025-10-27T18:48:14.862Z"}
{"level":"info","message":"⌛ Validating src/niveles/nivel_1.wlk","timeElapsed":155,"timestamp":"2025-10-27T18:48:15.064Z"}
{"level":"info","message":"⌛ Validating src/niveles/nivel_1.wlk","timeElapsed":144,"timestamp":"2025-10-27T18:48:15.208Z"}
{"level":"info","message":"⌛ Building environment","timeElapsed":112,"timestamp":"2025-10-27T18:48:16.796Z"}
{"level":"info","message":"⌛ Validating src/niveles/nivel_1.wlk","timeElapsed":145,"timestamp":"2025-10-27T18:48:16.947Z"}
{"level":"info","message":"⌛ Building environment","timeElapsed":110,"timestamp":"2025-10-27T18:48:17.282Z"}
{"level":"info","message":"⌛ Validating src/niveles/nivel_1.wlk","timeElapsed":146,"timestamp":"2025-10-27T18:48:17.430Z"}
{"level":"info","message":"⌛ Building environment","timeElapsed":147,"timestamp":"2025-10-27T18:48:17.591Z"}
{"level":"info","message":"⌛ Validating src/niveles/nivel_1.wlk","timeElapsed":151,"timestamp":"2025-10-27T18:48:17.743Z"}
{"level":"info","message":"⌛ Building environment","timeElapsed":114,"timestamp":"2025-10-27T18:48:18.382Z"}
{"level":"info","message":"⌛ Validating src/niveles/nivel_1.wlk","timeElapsed":139,"timestamp":"2025-10-27T18:48:18.574Z"}
{"level":"info","message":"⌛ Building environment","timeElapsed":114,"timestamp":"2025-10-27T18:48:22.079Z"}
{"level":"info","message":"⌛ Validating src/niveles/nivel_1.wlk","timeElapsed":149,"timestamp":"2025-10-27T18:48:22.229Z"}
{"level":"info","message":"⌛ Building environment","timeElapsed":115,"timestamp":"2025-10-27T18:48:22.343Z"}
{"level":"error","message":"✘ Completions for node Return ([68:9, 68:23] - src/niveles/nivel_1.wlk) failed: Error: [Return]{464aa1} at src/niveles/nivel_1.wlk:68 exhausted all cases without a match [Return]{464aa1} at src/niveles/nivel_1.wlk:68 exhausted all cases without a match","stack":"Error: [Return]{464aa1} at src/niveles/nivel_1.wlk:68 exhausted all cases without a match\n    at c:\\Users\\Alumno\\.vscode\\extensions\\uqbar.wollok-lsp-ide-0.5.3\\out\\server\\src\\server.js:38:6142\n    at D2 (c:\\Users\\Alumno\\.vscode\\extensions\\uqbar.wollok-lsp-ide-0.5.3\\out\\server\\src\\server.js:2384:42)\n    at Qh (c:\\Users\\Alumno\\.vscode\\extensions\\uqbar.wollok-lsp-ide-0.5.3\\out\\server\\src\\server.js:2384:1092)\n    at k6n (c:\\Users\\Alumno\\.vscode\\extensions\\uqbar.wollok-lsp-ide-0.5.3\\out\\server\\src\\server.js:2384:1248)\n    at c:\\Users\\Alumno\\.vscode\\extensions\\uqbar.wollok-lsp-ide-0.5.3\\out\\server\\src\\server.js:38:6131\n    at D2 (c:\\Users\\Alumno\\.vscode\\extensions\\uqbar.wollok-lsp-ide-0.5.3\\out\\server\\src\\server.js:2384:42)\n    at c:\\Users\\Alumno\\.vscode\\extensions\\uqbar.wollok-lsp-ide-0.5.3\\out\\server\\src\\server.js:2384:2988\n    at c:\\Users\\Alumno\\.vscode\\extensions\\uqbar.wollok-lsp-ide-0.5.3\\out\\server\\src\\server.js:2393:8440\n    at c:\\Users\\Alumno\\.vscode\\extensions\\uqbar.wollok-lsp-ide-0.5.3\\out\\server\\src\\server.js:37:74872\n    at Ye (c:\\Users\\Alumno\\.vscode\\extensions\\uqbar.wollok-lsp-ide-0.5.3\\out\\server\\src\\server.js:7:8527)","timestamp":"2025-10-27T18:48:22.392Z"}
{"level":"info","message":"⌛ Validating src/niveles/nivel_1.wlk","timeElapsed":137,"timestamp":"2025-10-27T18:48:22.535Z"}
{"level":"info","message":"⌛ Building environment","timeElapsed":125,"timestamp":"2025-10-27T18:48:34.570Z"}
{"level":"info","message":"⌛ Building environment","timeElapsed":116,"timestamp":"2025-10-27T18:48:34.687Z"}
{"level":"info","message":"⌛ Validating src/niveles/nivel_3.wlk","timeElapsed":252,"timestamp":"2025-10-27T18:48:34.939Z"}
{"level":"info","message":"⌛ Validating src/niveles/nivel_3.wlk","timeElapsed":172,"timestamp":"2025-10-27T18:48:35.113Z"}
{"level":"info","message":"⌛ Building environment","timeElapsed":106,"timestamp":"2025-10-27T18:48:35.797Z"}
{"level":"info","message":"⌛ Validating src/niveles/nivel_3.wlk","timeElapsed":171,"timestamp":"2025-10-27T18:48:35.978Z"}
{"level":"info","message":"⌛ Building environment","timeElapsed":112,"timestamp":"2025-10-27T18:48:36.092Z"}
{"level":"info","message":"⌛ Validating src/niveles/nivel_3.wlk","timeElapsed":139,"timestamp":"2025-10-27T18:48:36.278Z"}
{"level":"info","message":"⌛ Building environment","timeElapsed":126,"timestamp":"2025-10-27T18:48:36.899Z"}
{"level":"info","message":"⌛ Validating src/niveles/nivel_3.wlk","timeElapsed":151,"timestamp":"2025-10-27T18:48:37.051Z"}
{"level":"info","message":"⌛ Building environment","timeElapsed":117,"timestamp":"2025-10-27T18:48:38.066Z"}
{"level":"info","message":"⌛ Validating src/niveles/nivel_3.wlk","timeElapsed":160,"timestamp":"2025-10-27T18:48:38.226Z"}
{"level":"info","message":"⌛ Building environment","timeElapsed":115,"timestamp":"2025-10-27T18:48:38.341Z"}
{"level":"info","message":"⌛ Validating src/niveles/nivel_3.wlk","timeElapsed":144,"timestamp":"2025-10-27T18:48:38.486Z"}
{"level":"info","message":"⌛ Building environment","timeElapsed":114,"timestamp":"2025-10-27T18:48:40.600Z"}
{"level":"info","message":"⌛ Validating src/niveles/nivel_3.wlk","timeElapsed":156,"timestamp":"2025-10-27T18:48:40.756Z"}
{"level":"info","message":"⌛ Building environment","timeElapsed":107,"timestamp":"2025-10-27T18:48:42.286Z"}
{"level":"info","message":"⌛ Validating src/niveles/nivel_3.wlk","timeElapsed":145,"timestamp":"2025-10-27T18:48:42.433Z"}
{"level":"info","message":"⌛ Building environment","timeElapsed":119,"timestamp":"2025-10-27T18:48:43.011Z"}
{"level":"info","message":"⌛ Validating src/niveles/nivel_3.wlk","timeElapsed":156,"timestamp":"2025-10-27T18:48:43.169Z"}
{"level":"info","message":"⌛ Building environment","timeElapsed":108,"timestamp":"2025-10-27T18:48:43.944Z"}
{"level":"info","message":"⌛ Validating src/niveles/nivel_3.wlk","timeElapsed":145,"timestamp":"2025-10-27T18:48:44.089Z"}
{"level":"info","message":"⌛ Building environment","timeElapsed":114,"timestamp":"2025-10-27T18:48:44.880Z"}
{"level":"info","message":"⌛ Validating src/niveles/nivel_3.wlk","timeElapsed":148,"timestamp":"2025-10-27T18:48:45.029Z"}
{"level":"info","message":"⌛ Building environment","timeElapsed":107,"timestamp":"2025-10-27T18:48:45.881Z"}
{"level":"info","message":"⌛ Validating src/niveles/nivel_3.wlk","timeElapsed":148,"timestamp":"2025-10-27T18:48:46.029Z"}
{"level":"info","message":"⌛ Building environment","timeElapsed":117,"timestamp":"2025-10-27T18:48:46.945Z"}
{"level":"info","message":"⌛ Building environment","timeElapsed":118,"timestamp":"2025-10-27T18:48:47.064Z"}
{"level":"info","message":"⌛ Validating src/niveles/nivel_3.wlk","timeElapsed":158,"timestamp":"2025-10-27T18:48:47.222Z"}
{"level":"info","message":"⌛ Validating src/niveles/nivel_3.wlk","timeElapsed":153,"timestamp":"2025-10-27T18:48:47.376Z"}
{"level":"info","message":"⌛ Building environment","timeElapsed":109,"timestamp":"2025-10-27T18:48:47.712Z"}
{"level":"info","message":"⌛ Validating src/niveles/nivel_3.wlk","timeElapsed":131,"timestamp":"2025-10-27T18:48:47.851Z"}
{"level":"info","message":"⌛ Building environment","timeElapsed":147,"timestamp":"2025-10-27T18:48:48.183Z"}
{"level":"info","message":"⌛ Validating src/niveles/nivel_3.wlk","timeElapsed":178,"timestamp":"2025-10-27T18:48:48.361Z"}
{"level":"info","message":"⌛ Building environment","timeElapsed":117,"timestamp":"2025-10-27T18:48:48.478Z"}
{"level":"info","message":"⌛ Building environment","timeElapsed":110,"timestamp":"2025-10-27T18:48:48.589Z"}
{"level":"info","message":"⌛ Validating src/niveles/nivel_3.wlk","timeElapsed":183,"timestamp":"2025-10-27T18:48:48.773Z"}
{"level":"info","message":"⌛ Validating src/niveles/nivel_3.wlk","timeElapsed":126,"timestamp":"2025-10-27T18:48:48.900Z"}
{"level":"info","message":"⌛ Building environment","timeElapsed":145,"timestamp":"2025-10-27T18:48:49.397Z"}
{"level":"info","message":"⌛ Validating src/niveles/nivel_3.wlk","timeElapsed":137,"timestamp":"2025-10-27T18:48:49.540Z"}
{"level":"info","message":"⌛ Building environment","timeElapsed":106,"timestamp":"2025-10-27T18:48:58.152Z"}
{"level":"info","message":"⌛ Validating src/niveles/nivel_3.wlk","timeElapsed":138,"timestamp":"2025-10-27T18:48:58.290Z"}
{"level":"info","message":"⌛ Building environment","timeElapsed":120,"timestamp":"2025-10-27T18:49:16.344Z"}
{"level":"info","message":"⌛ Validating src/niveles/nivel_3.wlk","timeElapsed":145,"timestamp":"2025-10-27T18:49:16.490Z"}
{"level":"info","message":"⌛ Building environment","timeElapsed":107,"timestamp":"2025-10-27T18:49:17.170Z"}
{"level":"info","message":"⌛ Validating src/niveles/nivel_3.wlk","timeElapsed":164,"timestamp":"2025-10-27T18:49:17.336Z"}
{"level":"info","message":"⌛ Building environment","timeElapsed":113,"timestamp":"2025-10-27T18:49:19.429Z"}
{"level":"info","message":"⌛ Validating src/niveles/nivel_3.wlk","timeElapsed":153,"timestamp":"2025-10-27T18:49:19.583Z"}
{"level":"info","message":"⌛ Building environment","timeElapsed":105,"timestamp":"2025-10-27T18:49:19.689Z"}
{"level":"info","message":"⌛ Validating src/niveles/nivel_3.wlk","timeElapsed":161,"timestamp":"2025-10-27T18:49:19.851Z"}
{"level":"error","message":"✘ Failed to rebuild document Failed to parse src/niveles/nivel_3.wlk: \n-- PARSING FAILED --------------------------------------------------\n\n  39 |             const hielo = new Hielo(posicion = new Position(x = x, y = y))\n  40 |             hielosIniciales.add(hielo)\n> 41 |         }\n     |         ^\n  42 |     }\n  43 | \n\nExpected one of the following: \n\n'@', 'class', 'const', 'describe', 'mixin', 'object', 'only', 'package', 'program', 'test', 'var', '{', EOF, comment, not \"}\n    \", whitespace\n","stack":"Error: Failed to parse src/niveles/nivel_3.wlk: \n-- PARSING FAILED --------------------------------------------------\n\n  39 |             const hielo = new Hielo(posicion = new Position(x = x, y = y))\n  40 |             hielosIniciales.add(hielo)\n> 41 |         }\n     |         ^\n  42 |     }\n  43 | \n\nExpected one of the following: \n\n'@', 'class', 'const', 'describe', 'mixin', 'object', 'only', 'package', 'program', 'test', 'var', '{', EOF, comment, not \"}\n    \", whitespace\n\n    at c:\\Users\\Alumno\\.vscode\\extensions\\uqbar.wollok-lsp-ide-0.5.3\\out\\server\\src\\server.js:2348:13026\n    at Array.map (<anonymous>)\n    at W1n (c:\\Users\\Alumno\\.vscode\\extensions\\uqbar.wollok-lsp-ide-0.5.3\\out\\server\\src\\server.js:2348:12950)\n    at U2.buildEnvironmentFrom (c:\\Users\\Alumno\\.vscode\\extensions\\uqbar.wollok-lsp-ide-0.5.3\\out\\server\\src\\server.js:2393:5254)\n    at U2.updateEnvironmentWith (c:\\Users\\Alumno\\.vscode\\extensions\\uqbar.wollok-lsp-ide-0.5.3\\out\\server\\src\\server.js:2393:4989)\n    at JF (c:\\Users\\Alumno\\.vscode\\extensions\\uqbar.wollok-lsp-ide-0.5.3\\out\\server\\src\\server.js:2393:7383)\n    at F3.invoke (c:\\Users\\Alumno\\.vscode\\extensions\\uqbar.wollok-lsp-ide-0.5.3\\out\\server\\src\\server.js:3:157334)\n    at o.fire (c:\\Users\\Alumno\\.vscode\\extensions\\uqbar.wollok-lsp-ide-0.5.3\\out\\server\\src\\server.js:3:158104)\n    at c:\\Users\\Alumno\\.vscode\\extensions\\uqbar.wollok-lsp-ide-0.5.3\\out\\server\\src\\server.js:37:57871\n    at Zr (c:\\Users\\Alumno\\.vscode\\extensions\\uqbar.wollok-lsp-ide-0.5.3\\out\\server\\src\\server.js:8:1561)","timestamp":"2025-10-27T18:49:22.937Z"}
{"level":"info","message":"⌛ Building environment","timeElapsed":118,"timestamp":"2025-10-27T18:49:23.107Z"}
{"level":"info","message":"⌛ Validating src/niveles/nivel_3.wlk","timeElapsed":141,"timestamp":"2025-10-27T18:49:23.249Z"}
{"level":"error","message":"✘ Failed to rebuild document Failed to parse src/niveles/nivel_3.wlk: \n-- PARSING FAILED --------------------------------------------------\n\n  39 |             const hielo = new Hielo(posicion = new Position(x = x, y = y))\n  40 |             hielosIniciales.add(hielo)\n> 41 |         }\n     |         ^\n  42 |     }\n  43 | \n\nExpected one of the following: \n\n'@', 'class', 'const', 'describe', 'mixin', 'object', 'only', 'package', 'program', 'test', 'var', '{', EOF, comment, not \"}\n    \", whitespace\n","stack":"Error: Failed to parse src/niveles/nivel_3.wlk: \n-- PARSING FAILED --------------------------------------------------\n\n  39 |             const hielo = new Hielo(posicion = new Position(x = x, y = y))\n  40 |             hielosIniciales.add(hielo)\n> 41 |         }\n     |         ^\n  42 |     }\n  43 | \n\nExpected one of the following: \n\n'@', 'class', 'const', 'describe', 'mixin', 'object', 'only', 'package', 'program', 'test', 'var', '{', EOF, comment, not \"}\n    \", whitespace\n\n    at c:\\Users\\Alumno\\.vscode\\extensions\\uqbar.wollok-lsp-ide-0.5.3\\out\\server\\src\\server.js:2348:13026\n    at Array.map (<anonymous>)\n    at W1n (c:\\Users\\Alumno\\.vscode\\extensions\\uqbar.wollok-lsp-ide-0.5.3\\out\\server\\src\\server.js:2348:12950)\n    at U2.buildEnvironmentFrom (c:\\Users\\Alumno\\.vscode\\extensions\\uqbar.wollok-lsp-ide-0.5.3\\out\\server\\src\\server.js:2393:5254)\n    at U2.updateEnvironmentWith (c:\\Users\\Alumno\\.vscode\\extensions\\uqbar.wollok-lsp-ide-0.5.3\\out\\server\\src\\server.js:2393:4989)\n    at JF (c:\\Users\\Alumno\\.vscode\\extensions\\uqbar.wollok-lsp-ide-0.5.3\\out\\server\\src\\server.js:2393:7383)\n    at F3.invoke (c:\\Users\\Alumno\\.vscode\\extensions\\uqbar.wollok-lsp-ide-0.5.3\\out\\server\\src\\server.js:3:157334)\n    at o.fire (c:\\Users\\Alumno\\.vscode\\extensions\\uqbar.wollok-lsp-ide-0.5.3\\out\\server\\src\\server.js:3:158104)\n    at c:\\Users\\Alumno\\.vscode\\extensions\\uqbar.wollok-lsp-ide-0.5.3\\out\\server\\src\\server.js:37:57871\n    at Zr (c:\\Users\\Alumno\\.vscode\\extensions\\uqbar.wollok-lsp-ide-0.5.3\\out\\server\\src\\server.js:8:1561)","timestamp":"2025-10-27T18:49:25.978Z"}
{"level":"info","message":"⌛ Validating src/niveles/nivel_3.wlk","timeElapsed":163,"timestamp":"2025-10-27T18:49:26.616Z"}
{"level":"info","message":"⌛ Building environment","timeElapsed":131,"timestamp":"2025-10-27T18:49:33.816Z"}
{"level":"info","message":"⌛ Building environment","timeElapsed":103,"timestamp":"2025-10-27T18:49:33.919Z"}
{"level":"info","message":"⌛ Validating src/niveles/nivel_3.wlk","timeElapsed":145,"timestamp":"2025-10-27T18:49:34.065Z"}
{"level":"info","message":"⌛ Validating src/niveles/nivel_3.wlk","timeElapsed":147,"timestamp":"2025-10-27T18:49:34.213Z"}
{"level":"info","message":"⌛ Building environment","timeElapsed":109,"timestamp":"2025-10-27T18:49:35.193Z"}
{"level":"info","message":"⌛ Validating src/niveles/nivel_3.wlk","timeElapsed":143,"timestamp":"2025-10-27T18:49:35.336Z"}
{"level":"info","message":"⌛ Building environment","timeElapsed":104,"timestamp":"2025-10-27T18:49:35.521Z"}
{"level":"info","message":"⌛ Validating src/niveles/nivel_3.wlk","timeElapsed":162,"timestamp":"2025-10-27T18:49:35.683Z"}
{"level":"error","message":"✘ Failed to rebuild document Failed to parse src/niveles/nivel_3.wlk: \n-- PARSING FAILED --------------------------------------------------\n\n  39 |             const hielo = new Hielo(posicion = new Position(x = x, y = y))\n  40 |             hielosIniciales.add(hielo)\n> 41 |         }\n     |         ^\n  42 |     }\n  43 | \n\nExpected one of the following: \n\n'@', 'class', 'const', 'describe', 'mixin', 'object', 'only', 'package', 'program', 'test', 'var', '{', EOF, comment, not \"}\n    \", whitespace\n","stack":"Error: Failed to parse src/niveles/nivel_3.wlk: \n-- PARSING FAILED --------------------------------------------------\n\n  39 |             const hielo = new Hielo(posicion = new Position(x = x, y = y))\n  40 |             hielosIniciales.add(hielo)\n> 41 |         }\n     |         ^\n  42 |     }\n  43 | \n\nExpected one of the following: \n\n'@', 'class', 'const', 'describe', 'mixin', 'object', 'only', 'package', 'program', 'test', 'var', '{', EOF, comment, not \"}\n    \", whitespace\n\n    at c:\\Users\\Alumno\\.vscode\\extensions\\uqbar.wollok-lsp-ide-0.5.3\\out\\server\\src\\server.js:2348:13026\n    at Array.map (<anonymous>)\n    at W1n (c:\\Users\\Alumno\\.vscode\\extensions\\uqbar.wollok-lsp-ide-0.5.3\\out\\server\\src\\server.js:2348:12950)\n    at U2.buildEnvironmentFrom (c:\\Users\\Alumno\\.vscode\\extensions\\uqbar.wollok-lsp-ide-0.5.3\\out\\server\\src\\server.js:2393:5254)\n    at U2.updateEnvironmentWith (c:\\Users\\Alumno\\.vscode\\extensions\\uqbar.wollok-lsp-ide-0.5.3\\out\\server\\src\\server.js:2393:4989)\n    at JF (c:\\Users\\Alumno\\.vscode\\extensions\\uqbar.wollok-lsp-ide-0.5.3\\out\\server\\src\\server.js:2393:7383)\n    at F3.invoke (c:\\Users\\Alumno\\.vscode\\extensions\\uqbar.wollok-lsp-ide-0.5.3\\out\\server\\src\\server.js:3:157334)\n    at o.fire (c:\\Users\\Alumno\\.vscode\\extensions\\uqbar.wollok-lsp-ide-0.5.3\\out\\server\\src\\server.js:3:158104)\n    at c:\\Users\\Alumno\\.vscode\\extensions\\uqbar.wollok-lsp-ide-0.5.3\\out\\server\\src\\server.js:37:57871\n    at Zr (c:\\Users\\Alumno\\.vscode\\extensions\\uqbar.wollok-lsp-ide-0.5.3\\out\\server\\src\\server.js:8:1561)","timestamp":"2025-10-27T18:49:37.642Z"}
{"level":"info","message":"⌛ Building environment","timeElapsed":104,"timestamp":"2025-10-27T18:49:37.871Z"}
{"level":"info","message":"⌛ Validating src/niveles/nivel_3.wlk","timeElapsed":137,"timestamp":"2025-10-27T18:49:38.008Z"}
{"level":"error","message":"✘ Failed to rebuild document Failed to parse src/niveles/nivel_3.wlk: \n-- PARSING FAILED --------------------------------------------------\n\n  39 |             const hielo = new Hielo(posicion = new Position(x = x, y = y))\n  40 |             hielosIniciales.add(hielo)\n> 41 |         }\n     |         ^\n  42 |     }\n  43 | \n\nExpected one of the following: \n\n'@', 'class', 'const', 'describe', 'mixin', 'object', 'only', 'package', 'program', 'test', 'var', '{', EOF, comment, not \"}\n    \", whitespace\n","stack":"Error: Failed to parse src/niveles/nivel_3.wlk: \n-- PARSING FAILED --------------------------------------------------\n\n  39 |             const hielo = new Hielo(posicion = new Position(x = x, y = y))\n  40 |             hielosIniciales.add(hielo)\n> 41 |         }\n     |         ^\n  42 |     }\n  43 | \n\nExpected one of the following: \n\n'@', 'class', 'const', 'describe', 'mixin', 'object', 'only', 'package', 'program', 'test', 'var', '{', EOF, comment, not \"}\n    \", whitespace\n\n    at c:\\Users\\Alumno\\.vscode\\extensions\\uqbar.wollok-lsp-ide-0.5.3\\out\\server\\src\\server.js:2348:13026\n    at Array.map (<anonymous>)\n    at W1n (c:\\Users\\Alumno\\.vscode\\extensions\\uqbar.wollok-lsp-ide-0.5.3\\out\\server\\src\\server.js:2348:12950)\n    at U2.buildEnvironmentFrom (c:\\Users\\Alumno\\.vscode\\extensions\\uqbar.wollok-lsp-ide-0.5.3\\out\\server\\src\\server.js:2393:5254)\n    at U2.updateEnvironmentWith (c:\\Users\\Alumno\\.vscode\\extensions\\uqbar.wollok-lsp-ide-0.5.3\\out\\server\\src\\server.js:2393:4989)\n    at JF (c:\\Users\\Alumno\\.vscode\\extensions\\uqbar.wollok-lsp-ide-0.5.3\\out\\server\\src\\server.js:2393:7383)\n    at F3.invoke (c:\\Users\\Alumno\\.vscode\\extensions\\uqbar.wollok-lsp-ide-0.5.3\\out\\server\\src\\server.js:3:157334)\n    at o.fire (c:\\Users\\Alumno\\.vscode\\extensions\\uqbar.wollok-lsp-ide-0.5.3\\out\\server\\src\\server.js:3:158104)\n    at c:\\Users\\Alumno\\.vscode\\extensions\\uqbar.wollok-lsp-ide-0.5.3\\out\\server\\src\\server.js:37:57871\n    at Zr (c:\\Users\\Alumno\\.vscode\\extensions\\uqbar.wollok-lsp-ide-0.5.3\\out\\server\\src\\server.js:8:1561)","timestamp":"2025-10-27T18:49:38.875Z"}
{"level":"info","message":"⌛ Building environment","timeElapsed":113,"timestamp":"2025-10-27T18:49:39.347Z"}
{"level":"info","message":"⌛ Validating src/niveles/nivel_3.wlk","timeElapsed":147,"timestamp":"2025-10-27T18:49:39.495Z"}
{"level":"info","message":"⌛ Building environment","timeElapsed":117,"timestamp":"2025-10-27T18:49:48.771Z"}
{"level":"info","message":"⌛ Validating src/niveles/nivel_3.wlk","timeElapsed":150,"timestamp":"2025-10-27T18:49:48.921Z"}
{"level":"info","message":"⌛ Building environment","timeElapsed":113,"timestamp":"2025-10-27T18:49:49.350Z"}
{"level":"info","message":"⌛ Validating src/niveles/nivel_3.wlk","timeElapsed":224,"timestamp":"2025-10-27T18:49:49.575Z"}
{"level":"info","message":"⌛ Building environment","timeElapsed":119,"timestamp":"2025-10-27T18:49:49.779Z"}
{"level":"info","message":"⌛ Validating src/niveles/nivel_3.wlk","timeElapsed":160,"timestamp":"2025-10-27T18:49:49.940Z"}
{"level":"info","message":"⌛ Building environment","timeElapsed":108,"timestamp":"2025-10-27T18:49:50.049Z"}
{"level":"info","message":"⌛ Validating src/niveles/nivel_3.wlk","timeElapsed":136,"timestamp":"2025-10-27T18:49:50.198Z"}
{"level":"info","message":"⌛ Building environment","timeElapsed":119,"timestamp":"2025-10-27T18:49:59.693Z"}
{"level":"info","message":"⌛ Building environment","timeElapsed":120,"timestamp":"2025-10-27T18:49:59.817Z"}
{"level":"info","message":"⌛ Validating src/niveles/nivel_3.wlk","timeElapsed":146,"timestamp":"2025-10-27T18:49:59.977Z"}
{"level":"info","message":"⌛ Validating src/niveles/nivel_3.wlk","timeElapsed":157,"timestamp":"2025-10-27T18:50:00.140Z"}
{"level":"info","message":"⌛ Building environment","timeElapsed":120,"timestamp":"2025-10-27T18:50:01.827Z"}
{"level":"info","message":"⌛ Building environment","timeElapsed":117,"timestamp":"2025-10-27T18:50:01.945Z"}
{"level":"info","message":"⌛ Validating src/niveles/nivel_3.wlk","timeElapsed":145,"timestamp":"2025-10-27T18:50:02.090Z"}
{"level":"info","message":"⌛ Validating src/niveles/nivel_3.wlk","timeElapsed":157,"timestamp":"2025-10-27T18:50:02.248Z"}
{"level":"info","message":"🚀 Program executed \u001b[3m\u001b[34msrc.juego.juego\u001b[39m\u001b[23m on \u001b[3m\u001b[34mc:\\Users\\Alumno\\Downloads\\2025-objetos-tp-wollok-game-concat-ctrl_c-zn-main\\2025-objetos-tp-wollok-game-concat-ctrl_c-zn-main\u001b[39m\u001b[23m","ok":true,"timeElapsed":861,"timestamp":"2025-10-27T18:50:06.770Z"}
{"level":"info","message":"⌛ Building environment","timeElapsed":121,"timestamp":"2025-10-27T18:50:08.588Z"}
{"level":"info","message":"⌛ Validating src/badIceCream.wlk","timeElapsed":142,"timestamp":"2025-10-27T18:50:08.731Z"}
{"level":"info","message":"⌛ Building environment","timeElapsed":123,"timestamp":"2025-10-27T18:50:09.096Z"}
{"level":"info","message":"⌛ Validating src/badIceCream.wlk","timeElapsed":143,"timestamp":"2025-10-27T18:50:09.308Z"}
{"level":"info","message":"🚀 Program executed \u001b[3m\u001b[34msrc.juego.juego\u001b[39m\u001b[23m on \u001b[3m\u001b[34mc:\\Users\\Alumno\\Downloads\\2025-objetos-tp-wollok-game-concat-ctrl_c-zn-main\\2025-objetos-tp-wollok-game-concat-ctrl_c-zn-main\u001b[39m\u001b[23m","ok":true,"timeElapsed":787,"timestamp":"2025-10-27T18:50:13.987Z"}
{"level":"info","message":"⌛ Building environment","timeElapsed":119,"timestamp":"2025-10-27T18:50:21.403Z"}
{"level":"info","message":"⌛ Validating src/niveles/nivel_3.wlk","timeElapsed":134,"timestamp":"2025-10-27T18:50:21.538Z"}
{"level":"info","message":"⌛ Building environment","timeElapsed":168,"timestamp":"2025-10-27T19:23:43.841Z"}
{"level":"info","message":"⌛ Validating src/juego.wpgm","timeElapsed":151,"timestamp":"2025-10-27T19:23:43.999Z"}
{"exitCode":"SIGHUP","level":"info","message":"👾 Game executed src.juego.juego on c:\\Users\\Alumno\\Downloads\\2025-objetos-tp-wollok-game-concat-ctrl_c-zn-main\\2025-objetos-tp-wollok-game-concat-ctrl_c-zn-main","timeElapsed":2016880,"timestamp":"2025-10-27T19:23:50.082Z"}
{"level":"info","message":"🚀 Program executed \u001b[3m\u001b[34msrc.juego.juego\u001b[39m\u001b[23m on \u001b[3m\u001b[34mc:\\Users\\Alumno\\Downloads\\2025-objetos-tp-wollok-game-concat-ctrl_c-zn-main\\2025-objetos-tp-wollok-game-concat-ctrl_c-zn-main\u001b[39m\u001b[23m","ok":true,"timeElapsed":783,"timestamp":"2025-10-27T19:23:52.604Z"}
{"exitCode":"SIGHUP","level":"info","message":"👾 Game executed src.juego.juego on c:\\Users\\Alumno\\Downloads\\2025-objetos-tp-wollok-game-concat-ctrl_c-zn-main\\2025-objetos-tp-wollok-game-concat-ctrl_c-zn-main","timeElapsed":752379,"timestamp":"2025-10-27T19:36:24.200Z"}
{"level":"info","message":"🚀 Program executed \u001b[3m\u001b[34msrc.juego.juego\u001b[39m\u001b[23m on \u001b[3m\u001b[34mc:\\Users\\Alumno\\Downloads\\2025-objetos-tp-wollok-game-concat-ctrl_c-zn-main\\2025-objetos-tp-wollok-game-concat-ctrl_c-zn-main\u001b[39m\u001b[23m","ok":true,"timeElapsed":745,"timestamp":"2025-10-27T19:36:28.889Z"}
{"level":"info","message":"⌛ Building environment","timeElapsed":158,"timestamp":"2025-10-27T19:37:04.374Z"}
{"level":"info","message":"⌛ Building environment","timeElapsed":167,"timestamp":"2025-10-27T19:37:04.542Z"}
{"level":"info","message":"⌛ Validating src/badIceCream.wlk","timeElapsed":142,"timestamp":"2025-10-27T19:37:04.723Z"}
{"level":"info","message":"⌛ Validating src/badIceCream.wlk","timeElapsed":157,"timestamp":"2025-10-27T19:37:04.917Z"}
{"level":"info","message":"🚀 Program executed \u001b[3m\u001b[34msrc.juego.juego\u001b[39m\u001b[23m on \u001b[3m\u001b[34mc:\\Users\\Alumno\\Downloads\\2025-objetos-tp-wollok-game-concat-ctrl_c-zn-main\\2025-objetos-tp-wollok-game-concat-ctrl_c-zn-main\u001b[39m\u001b[23m","ok":true,"timeElapsed":634,"timestamp":"2025-10-27T19:37:14.946Z"}
{"level":"info","message":"⌛ Building environment","timeElapsed":171,"timestamp":"2025-10-27T19:41:52.276Z"}
{"level":"info","message":"⌛ Validating src/objetos/hielo.wlk","timeElapsed":157,"timestamp":"2025-10-27T19:41:52.488Z"}
{"level":"info","message":"⌛ Building environment","timeElapsed":146,"timestamp":"2025-10-27T19:42:22.703Z"}
{"level":"info","message":"⌛ Validating src/personajes/monstruo.wlk","timeElapsed":195,"timestamp":"2025-10-27T19:42:22.939Z"}
{"level":"info","message":"⌛ Building environment","timeElapsed":130,"timestamp":"2025-10-27T19:42:24.752Z"}
{"level":"info","message":"⌛ Validating src/personajes/helado.wlk","timeElapsed":145,"timestamp":"2025-10-27T19:42:24.954Z"}
{"level":"info","message":"⌛ Building environment","timeElapsed":113,"timestamp":"2025-10-27T19:46:41.159Z"}
{"level":"info","message":"⌛ Validating src/objetos/hielo.wlk","timeElapsed":169,"timestamp":"2025-10-27T19:46:41.330Z"}
{"level":"info","message":"⌛ Building environment","timeElapsed":165,"timestamp":"2025-10-27T19:46:41.686Z"}
{"level":"info","message":"⌛ Validating src/objetos/hielo.wlk","timeElapsed":161,"timestamp":"2025-10-27T19:46:41.896Z"}
{"level":"info","message":"⌛ Building environment","timeElapsed":129,"timestamp":"2025-10-27T19:50:37.780Z"}
{"level":"info","message":"⌛ Validating src/objetos/hielo.wlk","timeElapsed":165,"timestamp":"2025-10-27T19:50:37.947Z"}
{"level":"info","message":"⌛ Building environment","timeElapsed":107,"timestamp":"2025-10-27T19:50:38.335Z"}
{"level":"info","message":"⌛ Validating src/objetos/hielo.wlk","timeElapsed":140,"timestamp":"2025-10-27T19:50:38.502Z"}
{"level":"info","message":"⌛ Building environment","timeElapsed":126,"timestamp":"2025-10-27T19:50:44.354Z"}
{"level":"info","message":"⌛ Validating src/objetos/hielo.wlk","timeElapsed":136,"timestamp":"2025-10-27T19:50:44.566Z"}
{"level":"info","message":"⌛ Building environment","timeElapsed":109,"timestamp":"2025-10-27T19:50:44.677Z"}
{"level":"info","message":"⌛ Validating src/objetos/hielo.wlk","timeElapsed":154,"timestamp":"2025-10-27T19:50:44.836Z"}
{"level":"info","message":"⌛ Building environment","timeElapsed":155,"timestamp":"2025-10-27T19:50:44.993Z"}
{"level":"info","message":"⌛ Building environment","timeElapsed":113,"timestamp":"2025-10-27T19:50:45.107Z"}
{"level":"info","message":"⌛ Validating src/objetos/hielo.wlk","timeElapsed":134,"timestamp":"2025-10-27T19:50:45.241Z"}
{"level":"info","message":"⌛ Validating src/objetos/hielo.wlk","timeElapsed":150,"timestamp":"2025-10-27T19:50:45.393Z"}
{"level":"info","message":"⌛ Building environment","timeElapsed":110,"timestamp":"2025-10-27T19:50:45.617Z"}
{"level":"info","message":"⌛ Building environment","timeElapsed":103,"timestamp":"2025-10-27T19:50:45.732Z"}
{"level":"info","message":"⌛ Validating src/objetos/hielo.wlk","timeElapsed":155,"timestamp":"2025-10-27T19:50:45.889Z"}
{"level":"info","message":"⌛ Validating src/objetos/hielo.wlk","timeElapsed":180,"timestamp":"2025-10-27T19:50:46.070Z"}
{"level":"info","message":"⌛ Building environment","timeElapsed":121,"timestamp":"2025-10-27T19:50:46.192Z"}
{"level":"info","message":"⌛ Building environment","timeElapsed":125,"timestamp":"2025-10-27T19:50:46.317Z"}
{"level":"info","message":"⌛ Validating src/objetos/hielo.wlk","timeElapsed":274,"timestamp":"2025-10-27T19:50:46.691Z"}
{"level":"info","message":"⌛ Validating src/objetos/hielo.wlk","timeElapsed":150,"timestamp":"2025-10-27T19:50:46.842Z"}
{"level":"info","message":"⌛ Validating src/objetos/hielo.wlk","timeElapsed":135,"timestamp":"2025-10-27T19:50:46.986Z"}
{"level":"info","message":"⌛ Building environment","timeElapsed":114,"timestamp":"2025-10-27T19:50:47.104Z"}
{"level":"info","message":"⌛ Building environment","timeElapsed":102,"timestamp":"2025-10-27T19:50:47.214Z"}
{"level":"info","message":"⌛ Building environment","timeElapsed":139,"timestamp":"2025-10-27T19:50:47.356Z"}
{"level":"info","message":"⌛ Building environment","timeElapsed":188,"timestamp":"2025-10-27T19:50:47.556Z"}
{"level":"info","message":"⌛ Validating src/objetos/hielo.wlk","timeElapsed":256,"timestamp":"2025-10-27T19:50:47.813Z"}
{"level":"info","message":"⌛ Validating src/objetos/hielo.wlk","timeElapsed":181,"timestamp":"2025-10-27T19:50:47.995Z"}
{"level":"info","message":"⌛ Validating src/objetos/hielo.wlk","timeElapsed":144,"timestamp":"2025-10-27T19:50:48.145Z"}
{"level":"info","message":"⌛ Building environment","timeElapsed":122,"timestamp":"2025-10-27T19:50:48.269Z"}
{"level":"info","message":"⌛ Validating src/objetos/hielo.wlk","timeElapsed":145,"timestamp":"2025-10-27T19:50:48.415Z"}
{"level":"info","message":"⌛ Building environment","timeElapsed":139,"timestamp":"2025-10-27T19:50:48.556Z"}
{"level":"info","message":"⌛ Building environment","timeElapsed":118,"timestamp":"2025-10-27T19:50:48.674Z"}
{"level":"info","message":"⌛ Building environment","timeElapsed":127,"timestamp":"2025-10-27T19:50:48.817Z"}
{"level":"info","message":"⌛ Validating src/objetos/hielo.wlk","timeElapsed":284,"timestamp":"2025-10-27T19:50:49.220Z"}
{"level":"info","message":"⌛ Building environment","timeElapsed":124,"timestamp":"2025-10-27T19:50:49.345Z"}
{"level":"info","message":"⌛ Building environment","timeElapsed":113,"timestamp":"2025-10-27T19:50:49.459Z"}
{"level":"info","message":"⌛ Validating src/objetos/hielo.wlk","timeElapsed":145,"timestamp":"2025-10-27T19:50:49.616Z"}
{"level":"info","message":"⌛ Validating src/objetos/hielo.wlk","timeElapsed":215,"timestamp":"2025-10-27T19:50:49.935Z"}
{"level":"info","message":"⌛ Building environment","timeElapsed":135,"timestamp":"2025-10-27T19:50:50.070Z"}
{"level":"info","message":"⌛ Validating src/objetos/hielo.wlk","timeElapsed":151,"timestamp":"2025-10-27T19:50:50.222Z"}
{"level":"info","message":"⌛ Validating src/objetos/hielo.wlk","timeElapsed":143,"timestamp":"2025-10-27T19:50:50.366Z"}
{"level":"info","message":"⌛ Building environment","timeElapsed":123,"timestamp":"2025-10-27T19:50:50.584Z"}
{"level":"info","message":"⌛ Building environment","timeElapsed":120,"timestamp":"2025-10-27T19:50:50.705Z"}
{"level":"info","message":"⌛ Validating src/objetos/hielo.wlk","timeElapsed":143,"timestamp":"2025-10-27T19:50:50.849Z"}
{"level":"info","message":"⌛ Building environment","timeElapsed":106,"timestamp":"2025-10-27T19:50:50.955Z"}
{"level":"info","message":"⌛ Validating src/objetos/hielo.wlk","timeElapsed":156,"timestamp":"2025-10-27T19:50:51.112Z"}
{"level":"info","message":"⌛ Building environment","timeElapsed":207,"timestamp":"2025-10-27T19:50:51.319Z"}
{"level":"info","message":"⌛ Validating src/objetos/hielo.wlk","timeElapsed":140,"timestamp":"2025-10-27T19:50:51.460Z"}
{"level":"info","message":"⌛ Building environment","timeElapsed":150,"timestamp":"2025-10-27T19:50:51.610Z"}
{"level":"info","message":"⌛ Validating src/objetos/hielo.wlk","timeElapsed":134,"timestamp":"2025-10-27T19:50:51.951Z"}
{"level":"info","message":"⌛ Validating src/objetos/hielo.wlk","timeElapsed":126,"timestamp":"2025-10-27T19:50:52.264Z"}
{"level":"info","message":"⌛ Validating src/objetos/hielo.wlk","timeElapsed":141,"timestamp":"2025-10-27T19:50:52.583Z"}
{"level":"info","message":"⌛ Validating src/objetos/hielo.wlk","timeElapsed":147,"timestamp":"2025-10-27T19:50:52.820Z"}
{"level":"info","message":"⌛ Validating src/objetos/hielo.wlk","timeElapsed":162,"timestamp":"2025-10-27T19:50:53.079Z"}
{"level":"info","message":"⌛ Validating src/objetos/hielo.wlk","timeElapsed":140,"timestamp":"2025-10-27T19:50:53.414Z"}
{"level":"info","message":"⌛ Validating src/objetos/hielo.wlk","timeElapsed":139,"timestamp":"2025-10-27T19:50:53.561Z"}
{"level":"info","message":"⌛ Validating src/objetos/hielo.wlk","timeElapsed":192,"timestamp":"2025-10-27T19:50:53.753Z"}
{"level":"info","message":"⌛ Validating src/objetos/hielo.wlk","timeElapsed":137,"timestamp":"2025-10-27T19:50:53.890Z"}
{"level":"info","message":"⌛ Validating src/objetos/hielo.wlk","timeElapsed":128,"timestamp":"2025-10-27T19:50:54.021Z"}
{"level":"info","message":"⌛ Validating src/objetos/hielo.wlk","timeElapsed":131,"timestamp":"2025-10-27T19:50:54.152Z"}
{"level":"info","message":"⌛ Validating src/objetos/hielo.wlk","timeElapsed":128,"timestamp":"2025-10-27T19:50:54.282Z"}
{"level":"info","message":"⌛ Validating src/objetos/hielo.wlk","timeElapsed":129,"timestamp":"2025-10-27T19:50:54.412Z"}
{"level":"info","message":"⌛ Building environment","timeElapsed":155,"timestamp":"2025-10-27T19:50:54.570Z"}
{"level":"info","message":"⌛ Validating src/objetos/hielo.wlk","timeElapsed":136,"timestamp":"2025-10-27T19:50:54.706Z"}
{"level":"info","message":"⌛ Building environment","timeElapsed":195,"timestamp":"2025-10-27T19:50:54.902Z"}
{"level":"info","message":"⌛ Validating src/objetos/hielo.wlk","timeElapsed":160,"timestamp":"2025-10-27T19:50:55.062Z"}
{"level":"info","message":"⌛ Validating src/objetos/hielo.wlk","timeElapsed":139,"timestamp":"2025-10-27T19:50:55.393Z"}
{"level":"info","message":"⌛ Validating src/objetos/hielo.wlk","timeElapsed":128,"timestamp":"2025-10-27T19:50:55.521Z"}
{"level":"info","message":"⌛ Building environment","timeElapsed":114,"timestamp":"2025-10-27T19:50:55.700Z"}
{"level":"info","message":"⌛ Validating src/objetos/hielo.wlk","timeElapsed":126,"timestamp":"2025-10-27T19:50:55.831Z"}
{"level":"info","message":"⌛ Validating src/objetos/hielo.wlk","timeElapsed":131,"timestamp":"2025-10-27T19:50:56.051Z"}
{"level":"info","message":"⌛ Validating src/objetos/hielo.wlk","timeElapsed":118,"timestamp":"2025-10-27T19:50:56.260Z"}
{"level":"info","message":"⌛ Validating src/objetos/hielo.wlk","timeElapsed":113,"timestamp":"2025-10-27T19:50:56.378Z"}
{"level":"info","message":"⌛ Validating src/objetos/hielo.wlk","timeElapsed":122,"timestamp":"2025-10-27T19:50:56.503Z"}
{"level":"info","message":"⌛ Validating src/objetos/hielo.wlk","timeElapsed":120,"timestamp":"2025-10-27T19:50:56.623Z"}
{"level":"info","message":"⌛ Validating src/objetos/hielo.wlk","timeElapsed":116,"timestamp":"2025-10-27T19:50:56.739Z"}
{"level":"info","message":"⌛ Building environment","timeElapsed":106,"timestamp":"2025-10-27T19:51:26.836Z"}
{"level":"info","message":"⌛ Validating src/objetos/hielo.wlk","timeElapsed":142,"timestamp":"2025-10-27T19:51:26.989Z"}
{"level":"info","message":"⌛ Building environment","timeElapsed":140,"timestamp":"2025-10-27T19:51:27.481Z"}
{"level":"info","message":"⌛ Building environment","timeElapsed":103,"timestamp":"2025-10-27T19:51:27.585Z"}
{"level":"info","message":"⌛ Validating src/objetos/hielo.wlk","timeElapsed":152,"timestamp":"2025-10-27T19:51:27.738Z"}
{"level":"info","message":"⌛ Validating src/objetos/hielo.wlk","timeElapsed":150,"timestamp":"2025-10-27T19:51:27.887Z"}
{"level":"info","message":"⌛ Validating src/objetos/hielo.wlk","timeElapsed":154,"timestamp":"2025-10-27T19:51:28.245Z"}
{"level":"info","message":"⌛ Validating src/objetos/hielo.wlk","timeElapsed":142,"timestamp":"2025-10-27T19:51:28.387Z"}
{"level":"info","message":"⌛ Building environment","timeElapsed":210,"timestamp":"2025-10-27T19:51:28.599Z"}
{"level":"info","message":"⌛ Building environment","timeElapsed":111,"timestamp":"2025-10-27T19:51:28.711Z"}
{"level":"info","message":"⌛ Building environment","timeElapsed":106,"timestamp":"2025-10-27T19:51:28.818Z"}
{"level":"info","message":"⌛ Validating src/objetos/hielo.wlk","timeElapsed":145,"timestamp":"2025-10-27T19:51:28.964Z"}
{"level":"info","message":"⌛ Building environment","timeElapsed":110,"timestamp":"2025-10-27T19:51:29.077Z"}
{"level":"info","message":"⌛ Validating src/objetos/hielo.wlk","timeElapsed":135,"timestamp":"2025-10-27T19:51:29.212Z"}
{"level":"info","message":"⌛ Building environment","timeElapsed":102,"timestamp":"2025-10-27T19:51:29.315Z"}
{"level":"info","message":"⌛ Validating src/objetos/hielo.wlk","timeElapsed":152,"timestamp":"2025-10-27T19:51:29.468Z"}
{"level":"info","message":"⌛ Building environment","timeElapsed":104,"timestamp":"2025-10-27T19:51:29.572Z"}
{"level":"info","message":"⌛ Validating src/objetos/hielo.wlk","timeElapsed":150,"timestamp":"2025-10-27T19:51:29.722Z"}
{"level":"info","message":"⌛ Building environment","timeElapsed":135,"timestamp":"2025-10-27T19:51:29.857Z"}
{"level":"info","message":"⌛ Validating src/objetos/hielo.wlk","timeElapsed":143,"timestamp":"2025-10-27T19:51:30.001Z"}
{"level":"info","message":"⌛ Building environment","timeElapsed":128,"timestamp":"2025-10-27T19:51:30.130Z"}
{"level":"info","message":"⌛ Validating src/objetos/hielo.wlk","timeElapsed":135,"timestamp":"2025-10-27T19:51:30.359Z"}
{"level":"info","message":"⌛ Validating src/objetos/hielo.wlk","timeElapsed":145,"timestamp":"2025-10-27T19:51:30.698Z"}
{"level":"info","message":"⌛ Building environment","timeElapsed":305,"timestamp":"2025-10-27T19:51:31.008Z"}
{"level":"info","message":"⌛ Building environment","timeElapsed":102,"timestamp":"2025-10-27T19:51:31.126Z"}
{"level":"info","message":"⌛ Validating src/objetos/hielo.wlk","timeElapsed":164,"timestamp":"2025-10-27T19:51:31.291Z"}
{"level":"info","message":"⌛ Validating src/objetos/hielo.wlk","timeElapsed":159,"timestamp":"2025-10-27T19:51:31.449Z"}
{"level":"info","message":"⌛ Validating src/objetos/hielo.wlk","timeElapsed":132,"timestamp":"2025-10-27T19:51:31.592Z"}
{"level":"info","message":"⌛ Building environment","timeElapsed":106,"timestamp":"2025-10-27T19:51:31.703Z"}
{"level":"info","message":"⌛ Validating src/objetos/hielo.wlk","timeElapsed":140,"timestamp":"2025-10-27T19:51:31.844Z"}
{"level":"info","message":"⌛ Building environment","timeElapsed":127,"timestamp":"2025-10-27T19:51:32.063Z"}
{"level":"info","message":"⌛ Validating src/objetos/hielo.wlk","timeElapsed":140,"timestamp":"2025-10-27T19:51:32.303Z"}
{"level":"info","message":"⌛ Validating src/objetos/hielo.wlk","timeElapsed":121,"timestamp":"2025-10-27T19:51:32.424Z"}
{"level":"info","message":"⌛ Validating src/objetos/hielo.wlk","timeElapsed":127,"timestamp":"2025-10-27T19:51:32.947Z"}
{"level":"info","message":"⌛ Validating src/objetos/hielo.wlk","timeElapsed":132,"timestamp":"2025-10-27T19:51:33.167Z"}
{"level":"info","message":"⌛ Validating src/objetos/hielo.wlk","timeElapsed":123,"timestamp":"2025-10-27T19:51:33.291Z"}
{"level":"info","message":"⌛ Validating src/objetos/hielo.wlk","timeElapsed":120,"timestamp":"2025-10-27T19:51:33.416Z"}
{"level":"info","message":"⌛ Validating src/objetos/hielo.wlk","timeElapsed":116,"timestamp":"2025-10-27T19:51:33.538Z"}
{"level":"info","message":"⌛ Validating src/objetos/hielo.wlk","timeElapsed":115,"timestamp":"2025-10-27T19:51:33.655Z"}
{"level":"info","message":"⌛ Validating src/objetos/hielo.wlk","timeElapsed":116,"timestamp":"2025-10-27T19:51:33.771Z"}
{"level":"info","message":"⌛ Validating src/objetos/hielo.wlk","timeElapsed":123,"timestamp":"2025-10-27T19:51:33.895Z"}
{"level":"info","message":"⌛ Validating src/objetos/hielo.wlk","timeElapsed":120,"timestamp":"2025-10-27T19:51:34.019Z"}
{"level":"info","message":"⌛ Building environment","timeElapsed":132,"timestamp":"2025-10-27T19:51:41.304Z"}
{"level":"info","message":"⌛ Validating src/objetos/hielo.wlk","timeElapsed":155,"timestamp":"2025-10-27T19:51:41.461Z"}
{"level":"info","message":"⌛ Validating src/objetos/hielo.wlk","timeElapsed":150,"timestamp":"2025-10-27T19:51:41.897Z"}
{"level":"info","message":"⌛ Building environment","timeElapsed":103,"timestamp":"2025-10-27T19:51:42.817Z"}
{"level":"info","message":"⌛ Validating src/objetos/hielo.wlk","timeElapsed":135,"timestamp":"2025-10-27T19:51:42.952Z"}
{"level":"info","message":"⌛ Validating src/objetos/hielo.wlk","timeElapsed":134,"timestamp":"2025-10-27T19:51:44.357Z"}
{"level":"info","message":"⌛ Building environment","timeElapsed":103,"timestamp":"2025-10-27T19:51:44.480Z"}
{"level":"info","message":"⌛ Validating src/objetos/hielo.wlk","timeElapsed":133,"timestamp":"2025-10-27T19:51:44.615Z"}
{"level":"info","message":"⌛ Building environment","timeElapsed":106,"timestamp":"2025-10-27T19:51:45.204Z"}
{"level":"info","message":"⌛ Validating src/objetos/hielo.wlk","timeElapsed":140,"timestamp":"2025-10-27T19:51:45.345Z"}
{"level":"info","message":"⌛ Validating src/objetos/hielo.wlk","timeElapsed":128,"timestamp":"2025-10-27T19:51:45.569Z"}
{"level":"info","message":"⌛ Validating src/objetos/hielo.wlk","timeElapsed":252,"timestamp":"2025-10-27T19:51:46.120Z"}
{"level":"info","message":"⌛ Building environment","timeElapsed":103,"timestamp":"2025-10-27T19:51:46.225Z"}
{"level":"info","message":"⌛ Building environment","timeElapsed":131,"timestamp":"2025-10-27T19:51:46.356Z"}
{"level":"info","message":"⌛ Validating src/objetos/hielo.wlk","timeElapsed":159,"timestamp":"2025-10-27T19:51:46.517Z"}
{"level":"info","message":"⌛ Validating src/objetos/hielo.wlk","timeElapsed":151,"timestamp":"2025-10-27T19:51:46.763Z"}
{"level":"info","message":"⌛ Building environment","timeElapsed":101,"timestamp":"2025-10-27T19:51:46.953Z"}
{"level":"info","message":"⌛ Validating src/objetos/hielo.wlk","timeElapsed":127,"timestamp":"2025-10-27T19:51:47.080Z"}
{"level":"info","message":"⌛ Validating src/objetos/hielo.wlk","timeElapsed":143,"timestamp":"2025-10-27T19:51:47.316Z"}
{"level":"info","message":"⌛ Validating src/objetos/hielo.wlk","timeElapsed":125,"timestamp":"2025-10-27T19:51:47.441Z"}
{"level":"info","message":"⌛ Validating src/objetos/hielo.wlk","timeElapsed":142,"timestamp":"2025-10-27T19:51:47.627Z"}
{"level":"info","message":"⌛ Building environment","timeElapsed":120,"timestamp":"2025-10-27T19:51:47.751Z"}
{"level":"info","message":"⌛ Validating src/objetos/hielo.wlk","timeElapsed":135,"timestamp":"2025-10-27T19:51:47.892Z"}
{"level":"info","message":"⌛ Building environment","timeElapsed":111,"timestamp":"2025-10-27T19:51:48.401Z"}
{"level":"info","message":"⌛ Validating src/objetos/hielo.wlk","timeElapsed":146,"timestamp":"2025-10-27T19:51:48.640Z"}
{"level":"info","message":"⌛ Validating src/objetos/hielo.wlk","timeElapsed":127,"timestamp":"2025-10-27T19:51:48.767Z"}
{"level":"info","message":"⌛ Building environment","timeElapsed":181,"timestamp":"2025-10-27T19:51:53.806Z"}
{"level":"info","message":"⌛ Building environment","timeElapsed":121,"timestamp":"2025-10-27T19:51:53.927Z"}
{"level":"info","message":"⌛ Validating src/objetos/hielo.wlk","timeElapsed":134,"timestamp":"2025-10-27T19:51:54.075Z"}
{"level":"info","message":"⌛ Validating src/objetos/hielo.wlk","timeElapsed":129,"timestamp":"2025-10-27T19:51:54.298Z"}
{"level":"info","message":"⌛ Validating src/objetos/hielo.wlk","timeElapsed":141,"timestamp":"2025-10-27T19:51:54.444Z"}
{"level":"info","message":"⌛ Validating src/objetos/hielo.wlk","timeElapsed":125,"timestamp":"2025-10-27T19:51:54.664Z"}
{"level":"info","message":"⌛ Building environment","timeElapsed":131,"timestamp":"2025-10-27T19:51:55.620Z"}
{"level":"info","message":"⌛ Validating src/objetos/hielo.wlk","timeElapsed":129,"timestamp":"2025-10-27T19:51:55.750Z"}
{"level":"info","message":"⌛ Validating src/objetos/hielo.wlk","timeElapsed":150,"timestamp":"2025-10-27T19:51:56.074Z"}
{"level":"info","message":"⌛ Building environment","timeElapsed":108,"timestamp":"2025-10-27T19:51:56.181Z"}
{"level":"info","message":"⌛ Building environment","timeElapsed":105,"timestamp":"2025-10-27T19:51:56.287Z"}
{"level":"info","message":"⌛ Validating src/objetos/hielo.wlk","timeElapsed":134,"timestamp":"2025-10-27T19:51:56.422Z"}
{"level":"info","message":"⌛ Building environment","timeElapsed":111,"timestamp":"2025-10-27T19:51:56.620Z"}
{"level":"info","message":"⌛ Validating src/objetos/hielo.wlk","timeElapsed":123,"timestamp":"2025-10-27T19:51:56.743Z"}
{"level":"info","message":"⌛ Validating src/objetos/hielo.wlk","timeElapsed":136,"timestamp":"2025-10-27T19:51:56.898Z"}
{"level":"info","message":"⌛ Validating src/objetos/hielo.wlk","timeElapsed":127,"timestamp":"2025-10-27T19:51:57.031Z"}
{"level":"info","message":"⌛ Building environment","timeElapsed":109,"timestamp":"2025-10-27T19:51:57.303Z"}
{"level":"info","message":"⌛ Validating src/objetos/hielo.wlk","timeElapsed":134,"timestamp":"2025-10-27T19:51:57.437Z"}
{"level":"info","message":"⌛ Validating src/objetos/hielo.wlk","timeElapsed":137,"timestamp":"2025-10-27T19:51:59.004Z"}
{"level":"info","message":"⌛ Building environment","timeElapsed":107,"timestamp":"2025-10-27T19:51:59.420Z"}
{"level":"info","message":"⌛ Validating src/objetos/hielo.wlk","timeElapsed":125,"timestamp":"2025-10-27T19:51:59.557Z"}
{"level":"info","message":"⌛ Validating src/objetos/hielo.wlk","timeElapsed":130,"timestamp":"2025-10-27T19:52:02.695Z"}
{"level":"info","message":"⌛ Building environment","timeElapsed":133,"timestamp":"2025-10-27T19:52:28.417Z"}
{"level":"info","message":"⌛ Validating src/personajes/monstruo.wlk","timeElapsed":161,"timestamp":"2025-10-27T19:52:28.589Z"}
{"level":"info","message":"⌛ Building environment","timeElapsed":106,"timestamp":"2025-10-27T19:53:05.358Z"}
{"level":"info","message":"⌛ Validating src/personajes/monstruo.wlk","timeElapsed":152,"timestamp":"2025-10-27T19:53:05.513Z"}
{"level":"info","message":"⌛ Validating src/personajes/monstruo.wlk","timeElapsed":184,"timestamp":"2025-10-27T19:53:06.900Z"}
{"level":"info","message":"⌛ Building environment","timeElapsed":105,"timestamp":"2025-10-27T19:53:07.006Z"}
{"level":"info","message":"⌛ Validating src/personajes/monstruo.wlk","timeElapsed":146,"timestamp":"2025-10-27T19:53:07.158Z"}
{"level":"info","message":"⌛ Building environment","timeElapsed":103,"timestamp":"2025-10-27T19:53:07.307Z"}
{"level":"info","message":"⌛ Validating src/personajes/monstruo.wlk","timeElapsed":196,"timestamp":"2025-10-27T19:53:07.504Z"}
{"level":"info","message":"⌛ Validating src/personajes/monstruo.wlk","timeElapsed":148,"timestamp":"2025-10-27T19:53:07.801Z"}
{"level":"info","message":"⌛ Validating src/personajes/monstruo.wlk","timeElapsed":147,"timestamp":"2025-10-27T19:53:08.049Z"}
{"level":"info","message":"⌛ Validating src/personajes/monstruo.wlk","timeElapsed":151,"timestamp":"2025-10-27T19:53:08.287Z"}
{"level":"info","message":"⌛ Validating src/personajes/monstruo.wlk","timeElapsed":134,"timestamp":"2025-10-27T19:53:08.510Z"}
{"level":"info","message":"⌛ Validating src/personajes/monstruo.wlk","timeElapsed":131,"timestamp":"2025-10-27T19:53:09.220Z"}
{"level":"info","message":"⌛ Building environment","timeElapsed":121,"timestamp":"2025-10-27T19:53:09.446Z"}
{"level":"info","message":"⌛ Validating src/personajes/monstruo.wlk","timeElapsed":151,"timestamp":"2025-10-27T19:53:09.602Z"}
{"level":"info","message":"⌛ Building environment","timeElapsed":107,"timestamp":"2025-10-27T19:53:09.806Z"}
{"level":"info","message":"⌛ Validating src/personajes/monstruo.wlk","timeElapsed":128,"timestamp":"2025-10-27T19:53:09.934Z"}
{"level":"info","message":"⌛ Building environment","timeElapsed":144,"timestamp":"2025-10-27T19:53:10.086Z"}
{"level":"info","message":"⌛ Validating src/personajes/monstruo.wlk","timeElapsed":142,"timestamp":"2025-10-27T19:53:10.231Z"}
{"level":"info","message":"⌛ Validating src/personajes/monstruo.wlk","timeElapsed":165,"timestamp":"2025-10-27T19:53:10.402Z"}
{"level":"info","message":"⌛ Building environment","timeElapsed":203,"timestamp":"2025-10-27T19:53:10.703Z"}
{"level":"info","message":"⌛ Validating src/personajes/monstruo.wlk","timeElapsed":178,"timestamp":"2025-10-27T19:53:10.882Z"}
{"level":"info","message":"⌛ Building environment","timeElapsed":107,"timestamp":"2025-10-27T19:53:11.083Z"}
{"level":"info","message":"⌛ Validating src/personajes/monstruo.wlk","timeElapsed":139,"timestamp":"2025-10-27T19:53:11.222Z"}
{"level":"info","message":"⌛ Building environment","timeElapsed":117,"timestamp":"2025-10-27T19:53:11.339Z"}
{"level":"info","message":"⌛ Validating src/personajes/monstruo.wlk","timeElapsed":149,"timestamp":"2025-10-27T19:53:11.489Z"}
{"level":"info","message":"⌛ Validating src/personajes/monstruo.wlk","timeElapsed":162,"timestamp":"2025-10-27T19:53:11.740Z"}
{"level":"info","message":"⌛ Validating src/personajes/monstruo.wlk","timeElapsed":147,"timestamp":"2025-10-27T19:53:11.978Z"}
{"level":"info","message":"⌛ Building environment","timeElapsed":104,"timestamp":"2025-10-27T19:53:12.180Z"}
{"level":"info","message":"⌛ Validating src/personajes/monstruo.wlk","timeElapsed":142,"timestamp":"2025-10-27T19:53:12.323Z"}
{"level":"info","message":"⌛ Validating src/personajes/monstruo.wlk","timeElapsed":126,"timestamp":"2025-10-27T19:53:12.543Z"}
{"level":"info","message":"⌛ Building environment","timeElapsed":152,"timestamp":"2025-10-27T19:53:12.695Z"}
{"level":"info","message":"⌛ Building environment","timeElapsed":110,"timestamp":"2025-10-27T19:53:12.807Z"}
{"level":"info","message":"⌛ Validating src/personajes/monstruo.wlk","timeElapsed":148,"timestamp":"2025-10-27T19:53:12.956Z"}
{"level":"info","message":"⌛ Validating src/personajes/monstruo.wlk","timeElapsed":146,"timestamp":"2025-10-27T19:53:13.102Z"}
{"level":"info","message":"⌛ Building environment","timeElapsed":204,"timestamp":"2025-10-27T19:53:13.419Z"}
{"level":"info","message":"⌛ Validating src/personajes/monstruo.wlk","timeElapsed":161,"timestamp":"2025-10-27T19:53:13.580Z"}
{"level":"info","message":"⌛ Validating src/personajes/monstruo.wlk","timeElapsed":127,"timestamp":"2025-10-27T19:53:13.714Z"}
{"level":"info","message":"⌛ Building environment","timeElapsed":106,"timestamp":"2025-10-27T19:53:13.824Z"}
{"level":"info","message":"⌛ Validating src/personajes/monstruo.wlk","timeElapsed":156,"timestamp":"2025-10-27T19:53:13.981Z"}
{"level":"info","message":"⌛ Building environment","timeElapsed":111,"timestamp":"2025-10-27T19:53:14.179Z"}
{"level":"info","message":"⌛ Building environment","timeElapsed":106,"timestamp":"2025-10-27T19:53:14.485Z"}
{"level":"info","message":"⌛ Validating src/personajes/monstruo.wlk","timeElapsed":149,"timestamp":"2025-10-27T19:53:14.635Z"}
{"level":"info","message":"⌛ Building environment","timeElapsed":102,"timestamp":"2025-10-27T19:53:14.737Z"}
{"level":"info","message":"⌛ Building environment","timeElapsed":125,"timestamp":"2025-10-27T19:53:14.864Z"}
{"level":"info","message":"⌛ Validating src/personajes/monstruo.wlk","timeElapsed":132,"timestamp":"2025-10-27T19:53:14.997Z"}
{"level":"info","message":"⌛ Building environment","timeElapsed":127,"timestamp":"2025-10-27T19:53:15.125Z"}
{"level":"info","message":"⌛ Validating src/personajes/monstruo.wlk","timeElapsed":148,"timestamp":"2025-10-27T19:53:15.274Z"}
{"level":"info","message":"⌛ Validating src/personajes/monstruo.wlk","timeElapsed":124,"timestamp":"2025-10-27T19:53:15.403Z"}
{"level":"info","message":"⌛ Validating src/personajes/monstruo.wlk","timeElapsed":144,"timestamp":"2025-10-27T19:53:15.552Z"}
{"level":"info","message":"⌛ Validating src/personajes/monstruo.wlk","timeElapsed":143,"timestamp":"2025-10-27T19:53:15.698Z"}
{"level":"info","message":"⌛ Validating src/personajes/monstruo.wlk","timeElapsed":235,"timestamp":"2025-10-27T19:53:16.035Z"}
{"level":"info","message":"⌛ Building environment","timeElapsed":103,"timestamp":"2025-10-27T19:53:16.141Z"}
{"level":"info","message":"⌛ Validating src/personajes/monstruo.wlk","timeElapsed":144,"timestamp":"2025-10-27T19:53:16.382Z"}
{"level":"info","message":"⌛ Validating src/personajes/monstruo.wlk","timeElapsed":144,"timestamp":"2025-10-27T19:53:16.621Z"}
{"level":"info","message":"⌛ Validating src/personajes/monstruo.wlk","timeElapsed":135,"timestamp":"2025-10-27T19:53:16.761Z"}
{"level":"info","message":"⌛ Building environment","timeElapsed":106,"timestamp":"2025-10-27T19:53:16.870Z"}
{"level":"info","message":"⌛ Building environment","timeElapsed":128,"timestamp":"2025-10-27T19:53:17.191Z"}
{"level":"info","message":"⌛ Validating src/personajes/monstruo.wlk","timeElapsed":123,"timestamp":"2025-10-27T19:53:17.315Z"}
{"level":"info","message":"⌛ Building environment","timeElapsed":223,"timestamp":"2025-10-27T19:53:17.541Z"}
{"level":"info","message":"⌛ Validating src/personajes/monstruo.wlk","timeElapsed":163,"timestamp":"2025-10-27T19:53:17.708Z"}
{"level":"info","message":"⌛ Validating src/personajes/monstruo.wlk","timeElapsed":132,"timestamp":"2025-10-27T19:53:17.846Z"}
{"level":"info","message":"⌛ Validating src/personajes/monstruo.wlk","timeElapsed":135,"timestamp":"2025-10-27T19:53:18.199Z"}
{"level":"info","message":"⌛ Building environment","timeElapsed":121,"timestamp":"2025-10-27T19:53:18.417Z"}
{"level":"info","message":"⌛ Validating src/personajes/monstruo.wlk","timeElapsed":141,"timestamp":"2025-10-27T19:53:18.558Z"}
{"level":"info","message":"⌛ Validating src/personajes/monstruo.wlk","timeElapsed":127,"timestamp":"2025-10-27T19:53:18.686Z"}
{"level":"info","message":"⌛ Validating src/personajes/monstruo.wlk","timeElapsed":140,"timestamp":"2025-10-27T19:53:18.833Z"}
{"level":"info","message":"⌛ Validating src/personajes/monstruo.wlk","timeElapsed":135,"timestamp":"2025-10-27T19:53:19.061Z"}
{"level":"info","message":"⌛ Validating src/personajes/monstruo.wlk","timeElapsed":240,"timestamp":"2025-10-27T19:53:19.400Z"}
{"level":"info","message":"⌛ Building environment","timeElapsed":197,"timestamp":"2025-10-27T19:53:19.597Z"}
{"level":"info","message":"⌛ Validating src/personajes/monstruo.wlk","timeElapsed":159,"timestamp":"2025-10-27T19:53:19.762Z"}
{"level":"info","message":"⌛ Building environment","timeElapsed":120,"timestamp":"2025-10-27T19:53:19.883Z"}
{"level":"info","message":"⌛ Validating src/personajes/monstruo.wlk","timeElapsed":151,"timestamp":"2025-10-27T19:53:20.035Z"}
{"level":"info","message":"⌛ Validating src/personajes/monstruo.wlk","timeElapsed":138,"timestamp":"2025-10-27T19:53:20.185Z"}
{"level":"info","message":"⌛ Validating src/personajes/monstruo.wlk","timeElapsed":140,"timestamp":"2025-10-27T19:53:20.419Z"}
{"level":"info","message":"⌛ Validating src/personajes/monstruo.wlk","timeElapsed":133,"timestamp":"2025-10-27T19:53:20.648Z"}
{"level":"info","message":"⌛ Validating src/personajes/monstruo.wlk","timeElapsed":135,"timestamp":"2025-10-27T19:53:20.789Z"}
{"level":"info","message":"⌛ Building environment","timeElapsed":109,"timestamp":"2025-10-27T19:53:21.008Z"}
{"level":"info","message":"⌛ Validating src/personajes/monstruo.wlk","timeElapsed":157,"timestamp":"2025-10-27T19:53:21.165Z"}
{"level":"info","message":"⌛ Validating src/personajes/monstruo.wlk","timeElapsed":125,"timestamp":"2025-10-27T19:53:21.382Z"}
{"level":"info","message":"⌛ Building environment","timeElapsed":104,"timestamp":"2025-10-27T19:53:21.584Z"}
{"level":"info","message":"⌛ Validating src/personajes/monstruo.wlk","timeElapsed":129,"timestamp":"2025-10-27T19:53:21.714Z"}
{"level":"info","message":"⌛ Validating src/personajes/monstruo.wlk","timeElapsed":156,"timestamp":"2025-10-27T19:53:21.876Z"}
{"level":"info","message":"⌛ Validating src/personajes/monstruo.wlk","timeElapsed":126,"timestamp":"2025-10-27T19:53:22.003Z"}
{"level":"info","message":"⌛ Validating src/personajes/monstruo.wlk","timeElapsed":118,"timestamp":"2025-10-27T19:53:22.124Z"}
{"level":"info","message":"⌛ Validating src/personajes/monstruo.wlk","timeElapsed":114,"timestamp":"2025-10-27T19:53:22.241Z"}
{"level":"info","message":"⌛ Validating src/personajes/monstruo.wlk","timeElapsed":117,"timestamp":"2025-10-27T19:53:22.359Z"}
{"level":"info","message":"⌛ Validating src/personajes/monstruo.wlk","timeElapsed":114,"timestamp":"2025-10-27T19:53:22.473Z"}
{"level":"info","message":"⌛ Building environment","timeElapsed":222,"timestamp":"2025-10-27T19:53:53.409Z"}
{"level":"info","message":"⌛ Building environment","timeElapsed":111,"timestamp":"2025-10-27T19:53:53.590Z"}
{"level":"info","message":"⌛ Validating src/personajes/monstruo.wlk","timeElapsed":165,"timestamp":"2025-10-27T19:53:53.756Z"}
{"level":"info","message":"⌛ Building environment","timeElapsed":153,"timestamp":"2025-10-27T19:53:53.914Z"}
{"level":"info","message":"⌛ Validating src/personajes/monstruo.wlk","timeElapsed":173,"timestamp":"2025-10-27T19:53:54.088Z"}
{"level":"info","message":"⌛ Validating src/personajes/monstruo.wlk","timeElapsed":144,"timestamp":"2025-10-27T19:53:54.417Z"}
{"level":"info","message":"⌛ Validating src/personajes/monstruo.wlk","timeElapsed":139,"timestamp":"2025-10-27T19:53:54.557Z"}
{"level":"info","message":"⌛ Validating src/personajes/monstruo.wlk","timeElapsed":129,"timestamp":"2025-10-27T19:53:54.692Z"}
{"level":"info","message":"⌛ Validating src/personajes/monstruo.wlk","timeElapsed":152,"timestamp":"2025-10-27T19:53:54.937Z"}
{"level":"info","message":"⌛ Validating src/personajes/monstruo.wlk","timeElapsed":137,"timestamp":"2025-10-27T19:53:55.172Z"}
{"level":"info","message":"⌛ Validating src/personajes/monstruo.wlk","timeElapsed":131,"timestamp":"2025-10-27T19:53:56.368Z"}
{"level":"info","message":"⌛ Building environment","timeElapsed":211,"timestamp":"2025-10-27T19:53:56.638Z"}
{"level":"info","message":"⌛ Validating src/personajes/monstruo.wlk","timeElapsed":145,"timestamp":"2025-10-27T19:53:56.784Z"}
{"level":"info","message":"⌛ Validating src/personajes/monstruo.wlk","timeElapsed":138,"timestamp":"2025-10-27T19:53:57.038Z"}
{"level":"info","message":"⌛ Validating src/objetos/condicionesPartida.wlk","timeElapsed":159,"timestamp":"2025-10-27T19:54:24.291Z"}
{"level":"info","message":"⌛ Building environment","timeElapsed":145,"timestamp":"2025-10-27T19:54:40.349Z"}
{"level":"info","message":"⌛ Validating src/utils/direcciones.wlk","timeElapsed":307,"timestamp":"2025-10-27T19:54:40.688Z"}
{"level":"info","message":"⌛ Validating src/utils/direcciones.wlk","timeElapsed":168,"timestamp":"2025-10-27T19:55:44.520Z"}
{"level":"info","message":"⌛ Validating src/utils/direcciones.wlk","timeElapsed":169,"timestamp":"2025-10-27T19:55:45.580Z"}
{"level":"info","message":"⌛ Building environment","timeElapsed":268,"timestamp":"2025-10-27T19:55:45.850Z"}
{"level":"info","message":"⌛ Validating src/utils/direcciones.wlk","timeElapsed":162,"timestamp":"2025-10-27T19:55:46.029Z"}
{"level":"info","message":"⌛ Validating src/utils/direcciones.wlk","timeElapsed":135,"timestamp":"2025-10-27T19:55:54.536Z"}
{"level":"info","message":"⌛ Validating src/utils/direcciones.wlk","timeElapsed":217,"timestamp":"2025-10-27T19:55:55.058Z"}
{"level":"info","message":"⌛ Validating src/utils/direcciones.wlk","timeElapsed":165,"timestamp":"2025-10-27T19:55:55.503Z"}
{"level":"info","message":"⌛ Validating src/utils/direcciones.wlk","timeElapsed":167,"timestamp":"2025-10-27T19:55:55.862Z"}
{"level":"info","message":"⌛ Validating src/utils/direcciones.wlk","timeElapsed":172,"timestamp":"2025-10-27T19:55:56.205Z"}
{"level":"info","message":"⌛ Validating src/utils/direcciones.wlk","timeElapsed":158,"timestamp":"2025-10-27T19:55:56.364Z"}
{"level":"info","message":"⌛ Validating src/utils/direcciones.wlk","timeElapsed":158,"timestamp":"2025-10-27T19:55:56.642Z"}
{"level":"info","message":"⌛ Validating src/utils/direcciones.wlk","timeElapsed":156,"timestamp":"2025-10-27T19:55:56.800Z"}
{"level":"info","message":"⌛ Building environment","timeElapsed":109,"timestamp":"2025-10-27T19:55:56.910Z"}
{"level":"info","message":"⌛ Building environment","timeElapsed":163,"timestamp":"2025-10-27T19:55:57.073Z"}
{"level":"info","message":"⌛ Building environment","timeElapsed":120,"timestamp":"2025-10-27T19:55:57.249Z"}
{"level":"info","message":"⌛ Validating src/utils/direcciones.wlk","timeElapsed":138,"timestamp":"2025-10-27T19:55:57.475Z"}
{"level":"info","message":"⌛ Validating src/utils/direcciones.wlk","timeElapsed":145,"timestamp":"2025-10-27T19:55:57.815Z"}
{"level":"info","message":"⌛ Validating src/utils/direcciones.wlk","timeElapsed":217,"timestamp":"2025-10-27T19:55:58.037Z"}
{"level":"info","message":"⌛ Building environment","timeElapsed":105,"timestamp":"2025-10-27T19:55:58.143Z"}
{"level":"info","message":"⌛ Validating src/utils/direcciones.wlk","timeElapsed":126,"timestamp":"2025-10-27T19:55:58.269Z"}
{"level":"info","message":"⌛ Validating src/utils/direcciones.wlk","timeElapsed":117,"timestamp":"2025-10-27T19:55:58.390Z"}
{"level":"info","message":"⌛ Validating src/utils/direcciones.wlk","timeElapsed":125,"timestamp":"2025-10-27T19:55:58.524Z"}
{"level":"info","message":"⌛ Validating src/utils/direcciones.wlk","timeElapsed":127,"timestamp":"2025-10-27T19:55:58.651Z"}
{"level":"info","message":"⌛ Validating src/utils/direcciones.wlk","timeElapsed":127,"timestamp":"2025-10-27T19:55:58.781Z"}
{"level":"info","message":"⌛ Validating src/utils/direcciones.wlk","timeElapsed":131,"timestamp":"2025-10-27T19:56:01.070Z"}
{"level":"info","message":"⌛ Validating src/utils/direcciones.wlk","timeElapsed":142,"timestamp":"2025-10-27T19:56:01.644Z"}
{"level":"info","message":"⌛ Validating src/utils/direcciones.wlk","timeElapsed":140,"timestamp":"2025-10-27T19:56:01.864Z"}
{"level":"info","message":"⌛ Validating src/utils/direcciones.wlk","timeElapsed":142,"timestamp":"2025-10-27T19:56:02.441Z"}
{"level":"info","message":"⌛ Building environment","timeElapsed":153,"timestamp":"2025-10-27T19:56:08.979Z"}
{"level":"info","message":"⌛ Validating src/utils/direcciones.wlk","timeElapsed":161,"timestamp":"2025-10-27T19:56:09.140Z"}
{"level":"info","message":"⌛ Validating src/utils/direcciones.wlk","timeElapsed":140,"timestamp":"2025-10-27T19:56:09.468Z"}
{"level":"info","message":"⌛ Validating src/utils/direcciones.wlk","timeElapsed":130,"timestamp":"2025-10-27T19:56:09.601Z"}
{"level":"info","message":"⌛ Validating src/utils/direcciones.wlk","timeElapsed":130,"timestamp":"2025-10-27T19:56:09.814Z"}
{"level":"info","message":"⌛ Building environment","timeElapsed":140,"timestamp":"2025-10-27T19:56:15.622Z"}
{"level":"info","message":"⌛ Validating src/personajes/monstruo.wlk","timeElapsed":166,"timestamp":"2025-10-27T19:56:15.798Z"}
{"level":"info","message":"⌛ Validating src/personajes/monstruo.wlk","timeElapsed":133,"timestamp":"2025-10-27T19:56:16.039Z"}
{"level":"info","message":"⌛ Validating src/personajes/monstruo.wlk","timeElapsed":137,"timestamp":"2025-10-27T19:56:16.506Z"}
{"level":"info","message":"⌛ Validating src/personajes/monstruo.wlk","timeElapsed":131,"timestamp":"2025-10-27T19:56:16.734Z"}
{"level":"info","message":"⌛ Validating src/personajes/monstruo.wlk","timeElapsed":128,"timestamp":"2025-10-27T19:56:17.166Z"}
{"level":"info","message":"⌛ Validating src/personajes/monstruo.wlk","timeElapsed":127,"timestamp":"2025-10-27T19:56:17.751Z"}
{"level":"info","message":"⌛ Building environment","timeElapsed":231,"timestamp":"2025-10-27T19:56:20.505Z"}
{"level":"info","message":"⌛ Validating src/personajes/monstruo.wlk","timeElapsed":153,"timestamp":"2025-10-27T19:56:20.758Z"}
{"level":"info","message":"⌛ Building environment","timeElapsed":236,"timestamp":"2025-10-27T19:56:20.994Z"}
{"level":"info","message":"⌛ Validating src/personajes/monstruo.wlk","timeElapsed":150,"timestamp":"2025-10-27T19:56:21.144Z"}
{"level":"info","message":"⌛ Building environment","timeElapsed":115,"timestamp":"2025-10-27T19:56:21.359Z"}
{"level":"info","message":"⌛ Validating src/personajes/monstruo.wlk","timeElapsed":158,"timestamp":"2025-10-27T19:56:21.530Z"}
{"level":"info","message":"⌛ Building environment","timeElapsed":186,"timestamp":"2025-10-27T19:56:21.719Z"}
{"level":"info","message":"⌛ Validating src/personajes/monstruo.wlk","timeElapsed":158,"timestamp":"2025-10-27T19:56:21.887Z"}
{"level":"info","message":"⌛ Building environment","timeElapsed":110,"timestamp":"2025-10-27T19:56:22.000Z"}
{"level":"info","message":"⌛ Validating src/personajes/monstruo.wlk","timeElapsed":138,"timestamp":"2025-10-27T19:56:22.139Z"}
{"level":"info","message":"⌛ Building environment","timeElapsed":108,"timestamp":"2025-10-27T19:56:22.248Z"}
{"level":"info","message":"⌛ Building environment","timeElapsed":105,"timestamp":"2025-10-27T19:56:22.353Z"}
{"level":"info","message":"⌛ Building environment","timeElapsed":111,"timestamp":"2025-10-27T19:56:22.464Z"}
{"level":"info","message":"⌛ Validating src/personajes/monstruo.wlk","timeElapsed":154,"timestamp":"2025-10-27T19:56:22.618Z"}
{"level":"info","message":"⌛ Building environment","timeElapsed":120,"timestamp":"2025-10-27T19:56:22.827Z"}
{"level":"info","message":"⌛ Validating src/personajes/monstruo.wlk","timeElapsed":144,"timestamp":"2025-10-27T19:56:22.985Z"}
{"level":"info","message":"⌛ Validating src/personajes/monstruo.wlk","timeElapsed":133,"timestamp":"2025-10-27T19:56:23.127Z"}
{"level":"info","message":"⌛ Validating src/personajes/monstruo.wlk","timeElapsed":142,"timestamp":"2025-10-27T19:56:23.270Z"}
{"level":"info","message":"⌛ Building environment","timeElapsed":104,"timestamp":"2025-10-27T19:56:23.375Z"}
{"level":"info","message":"⌛ Validating src/personajes/monstruo.wlk","timeElapsed":214,"timestamp":"2025-10-27T19:56:23.589Z"}
{"level":"info","message":"⌛ Building environment","timeElapsed":128,"timestamp":"2025-10-27T19:56:23.737Z"}
{"level":"info","message":"⌛ Validating src/personajes/monstruo.wlk","timeElapsed":150,"timestamp":"2025-10-27T19:56:23.887Z"}
{"level":"info","message":"⌛ Validating src/personajes/monstruo.wlk","timeElapsed":128,"timestamp":"2025-10-27T19:56:24.021Z"}
{"level":"info","message":"⌛ Building environment","timeElapsed":122,"timestamp":"2025-10-27T19:56:24.240Z"}
{"level":"info","message":"⌛ Validating src/personajes/monstruo.wlk","timeElapsed":144,"timestamp":"2025-10-27T19:56:24.491Z"}
{"level":"info","message":"⌛ Validating src/personajes/monstruo.wlk","timeElapsed":145,"timestamp":"2025-10-27T19:56:24.820Z"}
{"level":"info","message":"⌛ Building environment","timeElapsed":182,"timestamp":"2025-10-27T19:56:25.003Z"}
{"level":"info","message":"⌛ Validating src/personajes/monstruo.wlk","timeElapsed":149,"timestamp":"2025-10-27T19:56:25.158Z"}
{"level":"info","message":"⌛ Building environment","timeElapsed":110,"timestamp":"2025-10-27T19:56:25.269Z"}
{"level":"info","message":"⌛ Building environment","timeElapsed":101,"timestamp":"2025-10-27T19:56:25.466Z"}
{"level":"info","message":"⌛ Validating src/personajes/monstruo.wlk","timeElapsed":183,"timestamp":"2025-10-27T19:56:25.651Z"}
{"level":"info","message":"⌛ Validating src/personajes/monstruo.wlk","timeElapsed":123,"timestamp":"2025-10-27T19:56:25.774Z"}
{"level":"info","message":"⌛ Validating src/personajes/monstruo.wlk","timeElapsed":123,"timestamp":"2025-10-27T19:56:25.908Z"}
{"level":"info","message":"⌛ Validating src/personajes/monstruo.wlk","timeElapsed":121,"timestamp":"2025-10-27T19:56:26.030Z"}
{"level":"info","message":"⌛ Building environment","timeElapsed":128,"timestamp":"2025-10-27T19:56:26.161Z"}
{"level":"info","message":"⌛ Validating src/personajes/monstruo.wlk","timeElapsed":130,"timestamp":"2025-10-27T19:56:26.381Z"}
{"level":"info","message":"⌛ Validating src/personajes/monstruo.wlk","timeElapsed":120,"timestamp":"2025-10-27T19:56:26.779Z"}
{"level":"info","message":"⌛ Validating src/personajes/monstruo.wlk","timeElapsed":114,"timestamp":"2025-10-27T19:56:26.893Z"}
{"level":"info","message":"⌛ Validating src/personajes/monstruo.wlk","timeElapsed":112,"timestamp":"2025-10-27T19:56:27.008Z"}
{"level":"info","message":"⌛ Validating src/personajes/monstruo.wlk","timeElapsed":120,"timestamp":"2025-10-27T19:56:27.138Z"}
{"level":"info","message":"⌛ Validating src/personajes/monstruo.wlk","timeElapsed":178,"timestamp":"2025-10-27T19:56:27.316Z"}
{"level":"info","message":"⌛ Validating src/personajes/monstruo.wlk","timeElapsed":116,"timestamp":"2025-10-27T19:56:27.434Z"}
{"level":"info","message":"⌛ Validating src/personajes/monstruo.wlk","timeElapsed":115,"timestamp":"2025-10-27T19:56:27.549Z"}
{"level":"info","message":"⌛ Validating src/personajes/monstruo.wlk","timeElapsed":110,"timestamp":"2025-10-27T19:56:27.665Z"}
{"level":"error","message":"✘ Completions for node Assignment ([48:13, 48:26] - src/personajes/monstruo.wlk) failed: Error: [Assignment]{8a52e2} at src/personajes/monstruo.wlk:48 exhausted all cases without a match [Assignment]{8a52e2} at src/personajes/monstruo.wlk:48 exhausted all cases without a match","stack":"Error: [Assignment]{8a52e2} at src/personajes/monstruo.wlk:48 exhausted all cases without a match\n    at c:\\Users\\Alumno\\.vscode\\extensions\\uqbar.wollok-lsp-ide-0.5.3\\out\\server\\src\\server.js:38:6142\n    at D2 (c:\\Users\\Alumno\\.vscode\\extensions\\uqbar.wollok-lsp-ide-0.5.3\\out\\server\\src\\server.js:2384:42)\n    at Qh (c:\\Users\\Alumno\\.vscode\\extensions\\uqbar.wollok-lsp-ide-0.5.3\\out\\server\\src\\server.js:2384:1092)\n    at k6n (c:\\Users\\Alumno\\.vscode\\extensions\\uqbar.wollok-lsp-ide-0.5.3\\out\\server\\src\\server.js:2384:1248)\n    at c:\\Users\\Alumno\\.vscode\\extensions\\uqbar.wollok-lsp-ide-0.5.3\\out\\server\\src\\server.js:38:6131\n    at D2 (c:\\Users\\Alumno\\.vscode\\extensions\\uqbar.wollok-lsp-ide-0.5.3\\out\\server\\src\\server.js:2384:42)\n    at c:\\Users\\Alumno\\.vscode\\extensions\\uqbar.wollok-lsp-ide-0.5.3\\out\\server\\src\\server.js:2384:2988\n    at c:\\Users\\Alumno\\.vscode\\extensions\\uqbar.wollok-lsp-ide-0.5.3\\out\\server\\src\\server.js:2393:8440\n    at c:\\Users\\Alumno\\.vscode\\extensions\\uqbar.wollok-lsp-ide-0.5.3\\out\\server\\src\\server.js:37:74872\n    at Ye (c:\\Users\\Alumno\\.vscode\\extensions\\uqbar.wollok-lsp-ide-0.5.3\\out\\server\\src\\server.js:7:8527)","timestamp":"2025-10-27T19:56:31.624Z"}
{"level":"error","message":"✘ Completions for node If ([47:16, 49:10] - src/personajes/monstruo.wlk) failed: Error: [If]{83fd77} at src/personajes/monstruo.wlk:47 exhausted all cases without a match [If]{83fd77} at src/personajes/monstruo.wlk:47 exhausted all cases without a match","stack":"Error: [If]{83fd77} at src/personajes/monstruo.wlk:47 exhausted all cases without a match\n    at c:\\Users\\Alumno\\.vscode\\extensions\\uqbar.wollok-lsp-ide-0.5.3\\out\\server\\src\\server.js:38:6142\n    at D2 (c:\\Users\\Alumno\\.vscode\\extensions\\uqbar.wollok-lsp-ide-0.5.3\\out\\server\\src\\server.js:2384:42)\n    at Qh (c:\\Users\\Alumno\\.vscode\\extensions\\uqbar.wollok-lsp-ide-0.5.3\\out\\server\\src\\server.js:2384:1092)\n    at v6n (c:\\Users\\Alumno\\.vscode\\extensions\\uqbar.wollok-lsp-ide-0.5.3\\out\\server\\src\\server.js:2384:818)\n    at c:\\Users\\Alumno\\.vscode\\extensions\\uqbar.wollok-lsp-ide-0.5.3\\out\\server\\src\\server.js:38:6131\n    at D2 (c:\\Users\\Alumno\\.vscode\\extensions\\uqbar.wollok-lsp-ide-0.5.3\\out\\server\\src\\server.js:2384:42)\n    at Qh (c:\\Users\\Alumno\\.vscode\\extensions\\uqbar.wollok-lsp-ide-0.5.3\\out\\server\\src\\server.js:2384:1092)\n    at D2 (c:\\Users\\Alumno\\.vscode\\extensions\\uqbar.wollok-lsp-ide-0.5.3\\out\\server\\src\\server.js:2384:544)\n    at Qh (c:\\Users\\Alumno\\.vscode\\extensions\\uqbar.wollok-lsp-ide-0.5.3\\out\\server\\src\\server.js:2384:1092)\n    at k6n (c:\\Users\\Alumno\\.vscode\\extensions\\uqbar.wollok-lsp-ide-0.5.3\\out\\server\\src\\server.js:2384:1248)","timestamp":"2025-10-27T19:56:31.624Z"}
{"level":"error","message":"✘ Completions for node If ([45:16, 49:10] - src/personajes/monstruo.wlk) failed: Error: [If]{27df7b} at src/personajes/monstruo.wlk:45 exhausted all cases without a match [If]{27df7b} at src/personajes/monstruo.wlk:45 exhausted all cases without a match","stack":"Error: [If]{27df7b} at src/personajes/monstruo.wlk:45 exhausted all cases without a match\n    at c:\\Users\\Alumno\\.vscode\\extensions\\uqbar.wollok-lsp-ide-0.5.3\\out\\server\\src\\server.js:38:6142\n    at D2 (c:\\Users\\Alumno\\.vscode\\extensions\\uqbar.wollok-lsp-ide-0.5.3\\out\\server\\src\\server.js:2384:42)\n    at Qh (c:\\Users\\Alumno\\.vscode\\extensions\\uqbar.wollok-lsp-ide-0.5.3\\out\\server\\src\\server.js:2384:1092)\n    at v6n (c:\\Users\\Alumno\\.vscode\\extensions\\uqbar.wollok-lsp-ide-0.5.3\\out\\server\\src\\server.js:2384:818)\n    at c:\\Users\\Alumno\\.vscode\\extensions\\uqbar.wollok-lsp-ide-0.5.3\\out\\server\\src\\server.js:38:6131\n    at D2 (c:\\Users\\Alumno\\.vscode\\extensions\\uqbar.wollok-lsp-ide-0.5.3\\out\\server\\src\\server.js:2384:42)\n    at Qh (c:\\Users\\Alumno\\.vscode\\extensions\\uqbar.wollok-lsp-ide-0.5.3\\out\\server\\src\\server.js:2384:1092)\n    at D2 (c:\\Users\\Alumno\\.vscode\\extensions\\uqbar.wollok-lsp-ide-0.5.3\\out\\server\\src\\server.js:2384:544)\n    at Qh (c:\\Users\\Alumno\\.vscode\\extensions\\uqbar.wollok-lsp-ide-0.5.3\\out\\server\\src\\server.js:2384:1092)\n    at v6n (c:\\Users\\Alumno\\.vscode\\extensions\\uqbar.wollok-lsp-ide-0.5.3\\out\\server\\src\\server.js:2384:818)","timestamp":"2025-10-27T19:56:31.624Z"}
{"level":"error","message":"✘ Completions for node If ([43:16, 49:10] - src/personajes/monstruo.wlk) failed: Error: [If]{6c18f9} at src/personajes/monstruo.wlk:43 exhausted all cases without a match [If]{6c18f9} at src/personajes/monstruo.wlk:43 exhausted all cases without a match","stack":"Error: [If]{6c18f9} at src/personajes/monstruo.wlk:43 exhausted all cases without a match\n    at c:\\Users\\Alumno\\.vscode\\extensions\\uqbar.wollok-lsp-ide-0.5.3\\out\\server\\src\\server.js:38:6142\n    at D2 (c:\\Users\\Alumno\\.vscode\\extensions\\uqbar.wollok-lsp-ide-0.5.3\\out\\server\\src\\server.js:2384:42)\n    at Qh (c:\\Users\\Alumno\\.vscode\\extensions\\uqbar.wollok-lsp-ide-0.5.3\\out\\server\\src\\server.js:2384:1092)\n    at v6n (c:\\Users\\Alumno\\.vscode\\extensions\\uqbar.wollok-lsp-ide-0.5.3\\out\\server\\src\\server.js:2384:818)\n    at c:\\Users\\Alumno\\.vscode\\extensions\\uqbar.wollok-lsp-ide-0.5.3\\out\\server\\src\\server.js:38:6131\n    at D2 (c:\\Users\\Alumno\\.vscode\\extensions\\uqbar.wollok-lsp-ide-0.5.3\\out\\server\\src\\server.js:2384:42)\n    at Qh (c:\\Users\\Alumno\\.vscode\\extensions\\uqbar.wollok-lsp-ide-0.5.3\\out\\server\\src\\server.js:2384:1092)\n    at D2 (c:\\Users\\Alumno\\.vscode\\extensions\\uqbar.wollok-lsp-ide-0.5.3\\out\\server\\src\\server.js:2384:544)\n    at Qh (c:\\Users\\Alumno\\.vscode\\extensions\\uqbar.wollok-lsp-ide-0.5.3\\out\\server\\src\\server.js:2384:1092)\n    at v6n (c:\\Users\\Alumno\\.vscode\\extensions\\uqbar.wollok-lsp-ide-0.5.3\\out\\server\\src\\server.js:2384:818)","timestamp":"2025-10-27T19:56:31.624Z"}
{"level":"error","message":"✘ Completions for node If ([41:9, 49:10] - src/personajes/monstruo.wlk) failed: Error: [If]{3c0334} at src/personajes/monstruo.wlk:41 exhausted all cases without a match [If]{3c0334} at src/personajes/monstruo.wlk:41 exhausted all cases without a match","stack":"Error: [If]{3c0334} at src/personajes/monstruo.wlk:41 exhausted all cases without a match\n    at c:\\Users\\Alumno\\.vscode\\extensions\\uqbar.wollok-lsp-ide-0.5.3\\out\\server\\src\\server.js:38:6142\n    at D2 (c:\\Users\\Alumno\\.vscode\\extensions\\uqbar.wollok-lsp-ide-0.5.3\\out\\server\\src\\server.js:2384:42)\n    at Qh (c:\\Users\\Alumno\\.vscode\\extensions\\uqbar.wollok-lsp-ide-0.5.3\\out\\server\\src\\server.js:2384:1092)\n    at v6n (c:\\Users\\Alumno\\.vscode\\extensions\\uqbar.wollok-lsp-ide-0.5.3\\out\\server\\src\\server.js:2384:818)\n    at c:\\Users\\Alumno\\.vscode\\extensions\\uqbar.wollok-lsp-ide-0.5.3\\out\\server\\src\\server.js:38:6131\n    at D2 (c:\\Users\\Alumno\\.vscode\\extensions\\uqbar.wollok-lsp-ide-0.5.3\\out\\server\\src\\server.js:2384:42)\n    at Qh (c:\\Users\\Alumno\\.vscode\\extensions\\uqbar.wollok-lsp-ide-0.5.3\\out\\server\\src\\server.js:2384:1092)\n    at D2 (c:\\Users\\Alumno\\.vscode\\extensions\\uqbar.wollok-lsp-ide-0.5.3\\out\\server\\src\\server.js:2384:544)\n    at Qh (c:\\Users\\Alumno\\.vscode\\extensions\\uqbar.wollok-lsp-ide-0.5.3\\out\\server\\src\\server.js:2384:1092)\n    at v6n (c:\\Users\\Alumno\\.vscode\\extensions\\uqbar.wollok-lsp-ide-0.5.3\\out\\server\\src\\server.js:2384:818)","timestamp":"2025-10-27T19:56:31.624Z"}
{"level":"info","message":"⌛ Validating src/personajes/monstruo.wlk","timeElapsed":143,"timestamp":"2025-10-27T19:56:31.770Z"}
{"level":"info","message":"⌛ Validating src/personajes/monstruo.wlk","timeElapsed":153,"timestamp":"2025-10-27T19:56:32.178Z"}
{"level":"info","message":"⌛ Validating src/personajes/monstruo.wlk","timeElapsed":132,"timestamp":"2025-10-27T19:56:32.407Z"}
{"level":"info","message":"⌛ Building environment","timeElapsed":177,"timestamp":"2025-10-27T19:56:33.094Z"}
{"level":"info","message":"⌛ Validating src/personajes/monstruo.wlk","timeElapsed":243,"timestamp":"2025-10-27T19:56:33.337Z"}
{"level":"info","message":"⌛ Validating src/personajes/monstruo.wlk","timeElapsed":134,"timestamp":"2025-10-27T19:56:37.419Z"}
{"level":"info","message":"⌛ Validating src/personajes/monstruo.wlk","timeElapsed":133,"timestamp":"2025-10-27T19:56:37.794Z"}
{"level":"info","message":"⌛ Building environment","timeElapsed":139,"timestamp":"2025-10-27T20:02:26.022Z"}
{"level":"info","message":"⌛ Validating src/personajes/monstruo.wlk","timeElapsed":168,"timestamp":"2025-10-27T20:02:26.192Z"}
{"level":"info","message":"⌛ Building environment","timeElapsed":110,"timestamp":"2025-10-27T20:02:27.817Z"}
{"level":"info","message":"⌛ Validating src/personajes/monstruo.wlk","timeElapsed":183,"timestamp":"2025-10-27T20:02:28.000Z"}
{"level":"info","message":"⌛ Building environment","timeElapsed":120,"timestamp":"2025-10-27T20:02:28.122Z"}
{"level":"info","message":"⌛ Validating src/personajes/monstruo.wlk","timeElapsed":158,"timestamp":"2025-10-27T20:02:28.316Z"}
{"level":"info","message":"⌛ Building environment","timeElapsed":126,"timestamp":"2025-10-27T20:02:28.443Z"}
{"level":"info","message":"⌛ Building environment","timeElapsed":109,"timestamp":"2025-10-27T20:02:28.565Z"}
{"level":"info","message":"⌛ Validating src/personajes/monstruo.wlk","timeElapsed":180,"timestamp":"2025-10-27T20:02:28.839Z"}
{"level":"info","message":"⌛ Validating src/personajes/monstruo.wlk","timeElapsed":145,"timestamp":"2025-10-27T20:02:28.984Z"}
{"level":"info","message":"⌛ Validating src/personajes/monstruo.wlk","timeElapsed":131,"timestamp":"2025-10-27T20:02:29.116Z"}
{"level":"info","message":"⌛ Building environment","timeElapsed":111,"timestamp":"2025-10-27T20:02:29.235Z"}
{"level":"info","message":"⌛ Building environment","timeElapsed":113,"timestamp":"2025-10-27T20:02:29.353Z"}
{"level":"info","message":"⌛ Validating src/personajes/monstruo.wlk","timeElapsed":148,"timestamp":"2025-10-27T20:02:29.506Z"}
{"level":"info","message":"⌛ Validating src/personajes/monstruo.wlk","timeElapsed":147,"timestamp":"2025-10-27T20:02:29.748Z"}
{"level":"info","message":"⌛ Building environment","timeElapsed":207,"timestamp":"2025-10-27T20:02:29.956Z"}
{"level":"info","message":"⌛ Validating src/personajes/monstruo.wlk","timeElapsed":151,"timestamp":"2025-10-27T20:02:30.108Z"}
{"level":"info","message":"⌛ Building environment","timeElapsed":115,"timestamp":"2025-10-27T20:02:30.314Z"}
{"level":"info","message":"⌛ Validating src/personajes/monstruo.wlk","timeElapsed":129,"timestamp":"2025-10-27T20:02:30.455Z"}
{"level":"info","message":"⌛ Validating src/personajes/monstruo.wlk","timeElapsed":141,"timestamp":"2025-10-27T20:02:30.606Z"}
{"level":"info","message":"⌛ Validating src/personajes/monstruo.wlk","timeElapsed":143,"timestamp":"2025-10-27T20:02:30.849Z"}
{"level":"info","message":"⌛ Building environment","timeElapsed":106,"timestamp":"2025-10-27T20:02:30.961Z"}
{"level":"info","message":"⌛ Validating src/personajes/monstruo.wlk","timeElapsed":144,"timestamp":"2025-10-27T20:02:31.106Z"}
{"level":"info","message":"⌛ Building environment","timeElapsed":161,"timestamp":"2025-10-27T20:02:31.371Z"}
{"level":"info","message":"⌛ Validating src/personajes/monstruo.wlk","timeElapsed":147,"timestamp":"2025-10-27T20:02:31.518Z"}
{"level":"info","message":"⌛ Building environment","timeElapsed":104,"timestamp":"2025-10-27T20:02:31.623Z"}
{"level":"info","message":"⌛ Validating src/personajes/monstruo.wlk","timeElapsed":151,"timestamp":"2025-10-27T20:02:31.774Z"}
{"level":"info","message":"⌛ Validating src/personajes/monstruo.wlk","timeElapsed":153,"timestamp":"2025-10-27T20:02:32.017Z"}
{"level":"info","message":"⌛ Building environment","timeElapsed":116,"timestamp":"2025-10-27T20:02:32.134Z"}
{"level":"info","message":"⌛ Validating src/personajes/monstruo.wlk","timeElapsed":280,"timestamp":"2025-10-27T20:02:32.505Z"}
{"level":"info","message":"⌛ Validating src/personajes/monstruo.wlk","timeElapsed":164,"timestamp":"2025-10-27T20:02:32.765Z"}
{"level":"info","message":"⌛ Building environment","timeElapsed":131,"timestamp":"2025-10-27T20:02:32.996Z"}
{"level":"info","message":"⌛ Validating src/personajes/monstruo.wlk","timeElapsed":160,"timestamp":"2025-10-27T20:02:33.156Z"}
{"level":"info","message":"⌛ Validating src/personajes/monstruo.wlk","timeElapsed":191,"timestamp":"2025-10-27T20:02:33.355Z"}
{"level":"info","message":"⌛ Building environment","timeElapsed":113,"timestamp":"2025-10-27T20:02:33.469Z"}
{"level":"info","message":"⌛ Building environment","timeElapsed":124,"timestamp":"2025-10-27T20:02:33.594Z"}
{"level":"info","message":"⌛ Building environment","timeElapsed":115,"timestamp":"2025-10-27T20:02:33.711Z"}
{"level":"info","message":"⌛ Validating src/personajes/monstruo.wlk","timeElapsed":143,"timestamp":"2025-10-27T20:02:33.867Z"}
{"level":"info","message":"⌛ Building environment","timeElapsed":105,"timestamp":"2025-10-27T20:02:33.974Z"}
{"level":"info","message":"⌛ Building environment","timeElapsed":127,"timestamp":"2025-10-27T20:02:34.101Z"}
{"level":"info","message":"⌛ Validating src/personajes/monstruo.wlk","timeElapsed":153,"timestamp":"2025-10-27T20:02:34.255Z"}
{"level":"info","message":"⌛ Building environment","timeElapsed":268,"timestamp":"2025-10-27T20:02:34.524Z"}
{"level":"info","message":"⌛ Validating src/personajes/monstruo.wlk","timeElapsed":133,"timestamp":"2025-10-27T20:02:34.657Z"}
{"level":"info","message":"⌛ Building environment","timeElapsed":112,"timestamp":"2025-10-27T20:02:34.861Z"}
{"level":"info","message":"⌛ Validating src/personajes/monstruo.wlk","timeElapsed":147,"timestamp":"2025-10-27T20:02:35.116Z"}
{"level":"info","message":"⌛ Building environment","timeElapsed":101,"timestamp":"2025-10-27T20:02:35.219Z"}
{"level":"info","message":"⌛ Building environment","timeElapsed":116,"timestamp":"2025-10-27T20:02:35.336Z"}
{"level":"info","message":"⌛ Validating src/personajes/monstruo.wlk","timeElapsed":150,"timestamp":"2025-10-27T20:02:35.487Z"}
{"level":"info","message":"⌛ Validating src/personajes/monstruo.wlk","timeElapsed":139,"timestamp":"2025-10-27T20:02:35.716Z"}
{"level":"info","message":"⌛ Building environment","timeElapsed":162,"timestamp":"2025-10-27T20:02:35.879Z"}
{"level":"info","message":"⌛ Validating src/personajes/monstruo.wlk","timeElapsed":133,"timestamp":"2025-10-27T20:02:36.106Z"}
{"level":"info","message":"⌛ Validating src/personajes/monstruo.wlk","timeElapsed":135,"timestamp":"2025-10-27T20:02:36.244Z"}
{"level":"info","message":"⌛ Building environment","timeElapsed":136,"timestamp":"2025-10-27T20:02:36.380Z"}
{"level":"info","message":"⌛ Building environment","timeElapsed":102,"timestamp":"2025-10-27T20:02:36.484Z"}
{"level":"info","message":"⌛ Building environment","timeElapsed":101,"timestamp":"2025-10-27T20:02:36.586Z"}
{"level":"info","message":"⌛ Validating src/personajes/monstruo.wlk","timeElapsed":133,"timestamp":"2025-10-27T20:02:36.919Z"}
{"level":"info","message":"⌛ Validating src/personajes/monstruo.wlk","timeElapsed":120,"timestamp":"2025-10-27T20:02:37.045Z"}
{"level":"info","message":"⌛ Validating src/personajes/monstruo.wlk","timeElapsed":129,"timestamp":"2025-10-27T20:02:37.270Z"}
{"level":"info","message":"⌛ Validating src/personajes/monstruo.wlk","timeElapsed":113,"timestamp":"2025-10-27T20:02:37.383Z"}
{"level":"info","message":"⌛ Validating src/personajes/monstruo.wlk","timeElapsed":119,"timestamp":"2025-10-27T20:02:37.788Z"}
{"level":"info","message":"⌛ Building environment","timeElapsed":152,"timestamp":"2025-10-27T20:02:37.940Z"}
{"level":"info","message":"⌛ Validating src/personajes/monstruo.wlk","timeElapsed":120,"timestamp":"2025-10-27T20:02:38.072Z"}
{"level":"info","message":"⌛ Validating src/personajes/monstruo.wlk","timeElapsed":126,"timestamp":"2025-10-27T20:02:38.290Z"}
{"level":"info","message":"⌛ Validating src/personajes/monstruo.wlk","timeElapsed":127,"timestamp":"2025-10-27T20:02:38.424Z"}
{"level":"info","message":"⌛ Validating src/personajes/monstruo.wlk","timeElapsed":120,"timestamp":"2025-10-27T20:02:38.545Z"}
{"level":"info","message":"⌛ Validating src/personajes/monstruo.wlk","timeElapsed":127,"timestamp":"2025-10-27T20:02:38.675Z"}
{"level":"info","message":"⌛ Validating src/personajes/monstruo.wlk","timeElapsed":123,"timestamp":"2025-10-27T20:02:38.799Z"}
{"level":"info","message":"⌛ Validating src/personajes/monstruo.wlk","timeElapsed":123,"timestamp":"2025-10-27T20:02:38.925Z"}
{"level":"info","message":"⌛ Validating src/personajes/monstruo.wlk","timeElapsed":118,"timestamp":"2025-10-27T20:02:39.047Z"}
{"level":"info","message":"⌛ Validating src/personajes/monstruo.wlk","timeElapsed":120,"timestamp":"2025-10-27T20:02:39.168Z"}
{"level":"info","message":"⌛ Validating src/personajes/monstruo.wlk","timeElapsed":118,"timestamp":"2025-10-27T20:02:39.287Z"}
{"level":"info","message":"⌛ Validating src/personajes/monstruo.wlk","timeElapsed":116,"timestamp":"2025-10-27T20:02:39.429Z"}
{"level":"info","message":"⌛ Validating src/personajes/monstruo.wlk","timeElapsed":110,"timestamp":"2025-10-27T20:02:39.540Z"}
{"level":"info","message":"⌛ Validating src/personajes/monstruo.wlk","timeElapsed":118,"timestamp":"2025-10-27T20:02:39.688Z"}
{"level":"info","message":"⌛ Validating src/personajes/monstruo.wlk","timeElapsed":147,"timestamp":"2025-10-27T20:02:39.874Z"}
{"level":"info","message":"⌛ Building environment","timeElapsed":127,"timestamp":"2025-10-27T20:02:49.316Z"}
{"level":"info","message":"⌛ Validating src/objetos/fruta.wlk","timeElapsed":158,"timestamp":"2025-10-27T20:02:49.485Z"}
{"level":"info","message":"⌛ Building environment","timeElapsed":120,"timestamp":"2025-10-27T20:03:58.510Z"}
{"level":"info","message":"⌛ Validating src/objetos/condicionesPartida.wlk","timeElapsed":154,"timestamp":"2025-10-27T20:03:58.671Z"}
{"level":"info","message":"⌛ Building environment","timeElapsed":143,"timestamp":"2025-10-27T20:12:22.419Z"}
{"level":"info","message":"⌛ Validating src/badIceCream.wlk","timeElapsed":171,"timestamp":"2025-10-27T20:12:22.592Z"}
{"level":"info","message":"⌛ Building environment","timeElapsed":119,"timestamp":"2025-10-27T20:12:23.107Z"}
{"level":"info","message":"⌛ Validating src/badIceCream.wlk","timeElapsed":176,"timestamp":"2025-10-27T20:12:23.284Z"}
{"level":"info","message":"⌛ Building environment","timeElapsed":135,"timestamp":"2025-10-27T20:12:23.420Z"}
{"level":"info","message":"⌛ Validating src/badIceCream.wlk","timeElapsed":167,"timestamp":"2025-10-27T20:12:23.626Z"}
{"level":"info","message":"⌛ Building environment","timeElapsed":134,"timestamp":"2025-10-27T20:12:23.765Z"}
{"level":"info","message":"⌛ Validating src/badIceCream.wlk","timeElapsed":149,"timestamp":"2025-10-27T20:12:23.915Z"}
{"level":"info","message":"⌛ Building environment","timeElapsed":112,"timestamp":"2025-10-27T20:12:24.100Z"}
{"level":"info","message":"⌛ Validating src/badIceCream.wlk","timeElapsed":180,"timestamp":"2025-10-27T20:12:24.282Z"}
{"level":"info","message":"⌛ Building environment","timeElapsed":147,"timestamp":"2025-10-27T20:12:24.429Z"}
{"level":"info","message":"⌛ Building environment","timeElapsed":119,"timestamp":"2025-10-27T20:12:24.548Z"}
{"level":"info","message":"⌛ Building environment","timeElapsed":270,"timestamp":"2025-10-27T20:12:24.821Z"}
{"level":"info","message":"⌛ Validating src/badIceCream.wlk","timeElapsed":259,"timestamp":"2025-10-27T20:12:25.080Z"}
{"level":"info","message":"⌛ Validating src/badIceCream.wlk","timeElapsed":153,"timestamp":"2025-10-27T20:12:25.233Z"}
{"level":"info","message":"⌛ Building environment","timeElapsed":175,"timestamp":"2025-10-27T20:12:25.519Z"}
{"level":"info","message":"⌛ Validating src/badIceCream.wlk","timeElapsed":153,"timestamp":"2025-10-27T20:12:25.672Z"}
{"level":"info","message":"⌛ Building environment","timeElapsed":117,"timestamp":"2025-10-27T20:12:25.790Z"}
{"level":"info","message":"⌛ Building environment","timeElapsed":147,"timestamp":"2025-10-27T20:12:25.938Z"}
{"level":"info","message":"⌛ Validating src/badIceCream.wlk","timeElapsed":152,"timestamp":"2025-10-27T20:12:26.091Z"}
{"level":"info","message":"⌛ Validating src/badIceCream.wlk","timeElapsed":138,"timestamp":"2025-10-27T20:12:26.372Z"}
{"level":"info","message":"⌛ Building environment","timeElapsed":108,"timestamp":"2025-10-27T20:12:26.484Z"}
{"level":"info","message":"⌛ Building environment","timeElapsed":118,"timestamp":"2025-10-27T20:12:26.604Z"}
{"level":"info","message":"⌛ Validating src/badIceCream.wlk","timeElapsed":130,"timestamp":"2025-10-27T20:12:26.734Z"}
{"level":"info","message":"⌛ Building environment","timeElapsed":127,"timestamp":"2025-10-27T20:12:26.861Z"}
{"level":"info","message":"⌛ Validating src/badIceCream.wlk","timeElapsed":136,"timestamp":"2025-10-27T20:12:26.998Z"}
{"level":"info","message":"⌛ Validating src/badIceCream.wlk","timeElapsed":128,"timestamp":"2025-10-27T20:12:27.326Z"}
{"level":"info","message":"⌛ Building environment","timeElapsed":107,"timestamp":"2025-10-27T20:12:27.434Z"}
{"level":"info","message":"⌛ Validating src/badIceCream.wlk","timeElapsed":115,"timestamp":"2025-10-27T20:12:27.549Z"}
{"level":"info","message":"⌛ Validating src/badIceCream.wlk","timeElapsed":112,"timestamp":"2025-10-27T20:12:27.664Z"}
{"level":"info","message":"⌛ Validating src/badIceCream.wlk","timeElapsed":125,"timestamp":"2025-10-27T20:12:27.805Z"}
{"level":"info","message":"⌛ Validating src/badIceCream.wlk","timeElapsed":133,"timestamp":"2025-10-27T20:12:27.938Z"}
{"level":"info","message":"⌛ Validating src/badIceCream.wlk","timeElapsed":127,"timestamp":"2025-10-27T20:12:28.066Z"}
{"level":"info","message":"⌛ Validating src/badIceCream.wlk","timeElapsed":127,"timestamp":"2025-10-27T20:12:28.193Z"}
{"level":"info","message":"⌛ Validating src/badIceCream.wlk","timeElapsed":248,"timestamp":"2025-10-27T20:12:28.555Z"}
{"level":"info","message":"⌛ Building environment","timeElapsed":110,"timestamp":"2025-10-27T20:12:29.081Z"}
{"level":"info","message":"⌛ Validating src/badIceCream.wlk","timeElapsed":124,"timestamp":"2025-10-27T20:12:29.207Z"}
{"level":"info","message":"⌛ Building environment","timeElapsed":102,"timestamp":"2025-10-27T20:12:29.538Z"}
{"level":"info","message":"⌛ Validating src/badIceCream.wlk","timeElapsed":151,"timestamp":"2025-10-27T20:12:29.689Z"}
{"level":"info","message":"⌛ Building environment","timeElapsed":123,"timestamp":"2025-10-27T20:12:29.813Z"}
{"level":"info","message":"⌛ Validating src/badIceCream.wlk","timeElapsed":135,"timestamp":"2025-10-27T20:12:29.950Z"}
{"level":"info","message":"⌛ Building environment","timeElapsed":197,"timestamp":"2025-10-27T20:12:30.149Z"}
{"level":"info","message":"⌛ Building environment","timeElapsed":160,"timestamp":"2025-10-27T20:12:30.330Z"}
{"level":"info","message":"⌛ Validating src/badIceCream.wlk","timeElapsed":172,"timestamp":"2025-10-27T20:12:30.502Z"}
{"level":"info","message":"⌛ Building environment","timeElapsed":111,"timestamp":"2025-10-27T20:12:30.615Z"}
{"level":"info","message":"⌛ Validating src/badIceCream.wlk","timeElapsed":155,"timestamp":"2025-10-27T20:12:30.784Z"}
{"level":"info","message":"⌛ Building environment","timeElapsed":131,"timestamp":"2025-10-27T20:12:30.919Z"}
{"level":"info","message":"⌛ Building environment","timeElapsed":120,"timestamp":"2025-10-27T20:12:31.042Z"}
{"level":"info","message":"⌛ Validating src/badIceCream.wlk","timeElapsed":154,"timestamp":"2025-10-27T20:12:31.196Z"}
{"level":"info","message":"⌛ Building environment","timeElapsed":138,"timestamp":"2025-10-27T20:12:31.435Z"}
{"level":"info","message":"⌛ Building environment","timeElapsed":199,"timestamp":"2025-10-27T20:12:31.635Z"}
{"level":"info","message":"⌛ Validating src/badIceCream.wlk","timeElapsed":159,"timestamp":"2025-10-27T20:12:31.797Z"}
{"level":"info","message":"⌛ Validating src/badIceCream.wlk","timeElapsed":150,"timestamp":"2025-10-27T20:12:31.947Z"}
{"level":"info","message":"⌛ Validating src/badIceCream.wlk","timeElapsed":154,"timestamp":"2025-10-27T20:12:32.210Z"}
{"level":"info","message":"⌛ Validating src/badIceCream.wlk","timeElapsed":140,"timestamp":"2025-10-27T20:12:32.368Z"}
{"level":"info","message":"⌛ Building environment","timeElapsed":116,"timestamp":"2025-10-27T20:12:32.584Z"}
{"level":"info","message":"⌛ Validating src/badIceCream.wlk","timeElapsed":130,"timestamp":"2025-10-27T20:12:32.714Z"}
{"level":"info","message":"⌛ Building environment","timeElapsed":159,"timestamp":"2025-10-27T20:12:32.972Z"}
{"level":"info","message":"⌛ Validating src/badIceCream.wlk","timeElapsed":125,"timestamp":"2025-10-27T20:12:33.097Z"}
{"level":"info","message":"⌛ Building environment","timeElapsed":116,"timestamp":"2025-10-27T20:12:33.321Z"}
{"level":"info","message":"⌛ Validating src/badIceCream.wlk","timeElapsed":123,"timestamp":"2025-10-27T20:12:33.445Z"}
{"level":"info","message":"⌛ Validating src/badIceCream.wlk","timeElapsed":118,"timestamp":"2025-10-27T20:12:33.633Z"}
{"level":"info","message":"⌛ Validating src/badIceCream.wlk","timeElapsed":121,"timestamp":"2025-10-27T20:12:33.758Z"}
{"level":"info","message":"⌛ Validating src/badIceCream.wlk","timeElapsed":121,"timestamp":"2025-10-27T20:12:33.879Z"}
{"level":"info","message":"⌛ Validating src/badIceCream.wlk","timeElapsed":114,"timestamp":"2025-10-27T20:12:33.993Z"}
{"level":"info","message":"⌛ Validating src/badIceCream.wlk","timeElapsed":180,"timestamp":"2025-10-27T20:12:34.173Z"}
{"level":"info","message":"⌛ Building environment","timeElapsed":139,"timestamp":"2025-10-27T20:12:35.933Z"}
{"level":"info","message":"⌛ Validating src/badIceCream.wlk","timeElapsed":134,"timestamp":"2025-10-27T20:12:36.067Z"}
